date,status,attacker,victim,leg_infrence_cnts,sus_infrence_cnts,path_cnts,type,valid_origin,recurrent,local,inference_id,leg_flag,sus_flag
2023-05-02,leg,9269,12491,10,0,1,1,True,False,False,1,1,0
2023-05-02,leg,9269,12491,10,0,1,1,True,False,False,2,1,0
2023-05-02,leg,9269,12491,10,0,1,1,True,False,False,3,1,0
2023-05-02,leg,9269,12491,10,0,1,1,True,False,False,4,1,0
2023-05-02,leg,9269,12491,10,0,1,1,True,False,False,5,1,0
2023-05-02,leg,9269,12491,10,0,1,1,True,False,False,6,1,0
2023-05-02,leg,9269,12491,10,0,1,1,True,False,False,7,1,0
2023-05-02,leg,9269,12491,10,0,1,1,True,False,False,8,1,0
2023-05-02,leg,9269,12491,10,0,1,1,True,False,False,9,1,0
2023-05-02,leg,9269,12491,10,0,1,1,True,False,False,10,1,0
2023-05-02,leg,6057,266436,10,0,1,1,True,False,True,1,1,0
2023-05-02,leg,6057,266436,10,0,1,1,True,False,True,2,1,0
2023-05-02,leg,6057,266436,10,0,1,1,True,False,True,3,1,0
2023-05-02,leg,6057,266436,10,0,1,1,True,False,True,4,1,0
2023-05-02,leg,6057,266436,10,0,1,1,True,False,True,5,1,0
2023-05-02,leg,6057,266436,10,0,1,1,True,False,True,6,1,0
2023-05-02,leg,6057,266436,10,0,1,1,True,False,True,7,1,0
2023-05-02,leg,6057,266436,10,0,1,1,True,False,True,8,1,0
2023-05-02,leg,6057,266436,10,0,1,1,True,False,True,9,1,0
2023-05-02,leg,6057,266436,10,0,1,1,True,False,True,10,1,0
2023-05-02,leg,46997,199176,10,0,1,1,True,False,True,1,1,0
2023-05-02,leg,46997,199176,10,0,1,1,True,False,True,2,1,0
2023-05-02,leg,46997,199176,10,0,1,1,True,False,True,3,1,0
2023-05-02,leg,46997,199176,10,0,1,1,True,False,True,4,1,0
2023-05-02,leg,46997,199176,10,0,1,1,True,False,True,5,1,0
2023-05-02,leg,46997,199176,10,0,1,1,True,False,True,6,1,0
2023-05-02,leg,46997,199176,10,0,1,1,True,False,True,7,1,0
2023-05-02,leg,46997,199176,10,0,1,1,True,False,True,8,1,0
2023-05-02,leg,46997,199176,10,0,1,1,True,False,True,9,1,0
2023-05-02,leg,46997,199176,10,0,1,1,True,False,True,10,1,0
2023-05-02,leg,17451,55329,10,0,1,2,True,False,False,1,1,0
2023-05-02,leg,17451,55329,10,0,1,2,True,False,False,2,1,0
2023-05-02,leg,17451,55329,10,0,1,2,True,False,False,3,1,0
2023-05-02,leg,17451,55329,10,0,1,2,True,False,False,4,1,0
2023-05-02,leg,17451,55329,10,0,1,2,True,False,False,5,1,0
2023-05-02,leg,17451,55329,10,0,1,2,True,False,False,6,1,0
2023-05-02,leg,17451,55329,10,0,1,2,True,False,False,7,1,0
2023-05-02,leg,17451,55329,10,0,1,2,True,False,False,8,1,0
2023-05-02,leg,17451,55329,10,0,1,2,True,False,False,9,1,0
2023-05-02,leg,17451,55329,10,0,1,2,True,False,False,10,1,0
2023-05-02,leg,25818,329214,10,0,62,1,True,False,False,1,62,0
2023-05-02,leg,25818,329214,10,0,62,1,True,False,False,2,62,0
2023-05-02,leg,25818,329214,10,0,62,1,True,False,False,3,62,0
2023-05-02,leg,25818,329214,10,0,62,1,True,False,False,4,62,0
2023-05-02,leg,25818,329214,10,0,62,1,True,False,False,5,62,0
2023-05-02,leg,25818,329214,10,0,62,1,True,False,False,6,62,0
2023-05-02,leg,25818,329214,10,0,62,1,True,False,False,7,62,0
2023-05-02,leg,25818,329214,10,0,62,1,True,False,False,8,62,0
2023-05-02,leg,25818,329214,10,0,62,1,True,False,False,9,62,0
2023-05-02,leg,25818,329214,10,0,62,1,True,False,False,10,62,0
2023-05-02,leg,45648,138747,10,0,348,1,True,False,False,1,348,0
2023-05-02,leg,45648,138747,10,0,348,1,True,False,False,2,348,0
2023-05-02,leg,45648,138747,10,0,348,1,True,False,False,3,348,0
2023-05-02,leg,45648,138747,10,0,348,1,True,False,False,4,348,0
2023-05-02,leg,45648,138747,10,0,348,1,True,False,False,5,348,0
2023-05-02,leg,45648,138747,10,0,348,1,True,False,False,6,348,0
2023-05-02,leg,45648,138747,10,0,348,1,True,False,False,7,348,0
2023-05-02,leg,45648,138747,10,0,348,1,True,False,False,8,348,0
2023-05-02,leg,45648,138747,10,0,348,1,True,False,False,9,348,0
2023-05-02,leg,45648,138747,10,0,348,1,True,False,False,10,348,0
2023-05-02,leg,148968,212477,10,0,1,1,True,False,True,1,1,0
2023-05-02,leg,148968,212477,10,0,1,1,True,False,True,2,1,0
2023-05-02,leg,148968,212477,10,0,1,1,True,False,True,3,1,0
2023-05-02,leg,148968,212477,10,0,1,1,True,False,True,4,1,0
2023-05-02,leg,148968,212477,10,0,1,1,True,False,True,5,1,0
2023-05-02,leg,148968,212477,10,0,1,1,True,False,True,6,1,0
2023-05-02,leg,148968,212477,10,0,1,1,True,False,True,7,1,0
2023-05-02,leg,148968,212477,10,0,1,1,True,False,True,8,1,0
2023-05-02,leg,148968,212477,10,0,1,1,True,False,True,9,1,0
2023-05-02,leg,148968,212477,10,0,1,1,True,False,True,10,1,0
2023-05-02,leg,1836,197964,10,0,1,1,True,False,False,1,1,0
2023-05-02,leg,1836,197964,10,0,1,1,True,False,False,2,1,0
2023-05-02,leg,1836,197964,10,0,1,1,True,False,False,3,1,0
2023-05-02,leg,1836,197964,10,0,1,1,True,False,False,4,1,0
2023-05-02,leg,1836,197964,10,0,1,1,True,False,False,5,1,0
2023-05-02,leg,1836,197964,10,0,1,1,True,False,False,6,1,0
2023-05-02,leg,1836,197964,10,0,1,1,True,False,False,7,1,0
2023-05-02,leg,1836,197964,10,0,1,1,True,False,False,8,1,0
2023-05-02,leg,1836,197964,10,0,1,1,True,False,False,9,1,0
2023-05-02,leg,1836,197964,10,0,1,1,True,False,False,10,1,0
2023-05-02,leg,13335,270501,10,0,749,1,True,False,False,1,735,14
2023-05-02,leg,13335,270501,10,0,749,1,True,False,False,2,739,10
2023-05-02,leg,13335,270501,10,0,749,1,True,False,False,3,741,8
2023-05-02,leg,13335,270501,10,0,749,1,True,False,False,4,741,8
2023-05-02,leg,13335,270501,10,0,749,1,True,False,False,5,748,1
2023-05-02,leg,13335,270501,10,0,749,1,True,False,False,6,749,0
2023-05-02,leg,13335,270501,10,0,749,1,True,False,False,7,749,0
2023-05-02,leg,13335,270501,10,0,749,1,True,False,False,8,749,0
2023-05-02,leg,13335,270501,10,0,749,1,True,False,False,9,749,0
2023-05-02,leg,13335,270501,10,0,749,1,True,False,False,10,749,0
2023-05-02,leg,54527,57976,10,0,1,1,True,False,False,1,1,0
2023-05-02,leg,54527,57976,10,0,1,1,True,False,False,2,1,0
2023-05-02,leg,54527,57976,10,0,1,1,True,False,False,3,1,0
2023-05-02,leg,54527,57976,10,0,1,1,True,False,False,4,1,0
2023-05-02,leg,54527,57976,10,0,1,1,True,False,False,5,1,0
2023-05-02,leg,54527,57976,10,0,1,1,True,False,False,6,1,0
2023-05-02,leg,54527,57976,10,0,1,1,True,False,False,7,1,0
2023-05-02,leg,54527,57976,10,0,1,1,True,False,False,8,1,0
2023-05-02,leg,54527,57976,10,0,1,1,True,False,False,9,1,0
2023-05-02,leg,54527,57976,10,0,1,1,True,False,False,10,1,0
2023-05-02,leg,13335,264997,10,0,118,1,True,False,False,1,112,6
2023-05-02,leg,13335,264997,10,0,118,1,True,False,False,2,115,3
2023-05-02,leg,13335,264997,10,0,118,1,True,False,False,3,116,2
2023-05-02,leg,13335,264997,10,0,118,1,True,False,False,4,117,1
2023-05-02,leg,13335,264997,10,0,118,1,True,False,False,5,118,0
2023-05-02,leg,13335,264997,10,0,118,1,True,False,False,6,118,0
2023-05-02,leg,13335,264997,10,0,118,1,True,False,False,7,118,0
2023-05-02,leg,13335,264997,10,0,118,1,True,False,False,8,118,0
2023-05-02,leg,13335,264997,10,0,118,1,True,False,False,9,118,0
2023-05-02,leg,13335,264997,10,0,118,1,True,False,False,10,118,0
2023-05-02,leg,16735,269327,10,0,1,4,True,False,True,1,1,0
2023-05-02,leg,16735,269327,10,0,1,4,True,False,True,2,1,0
2023-05-02,leg,16735,269327,10,0,1,4,True,False,True,3,1,0
2023-05-02,leg,16735,269327,10,0,1,4,True,False,True,4,1,0
2023-05-02,leg,16735,269327,10,0,1,4,True,False,True,5,1,0
2023-05-02,leg,16735,269327,10,0,1,4,True,False,True,6,1,0
2023-05-02,leg,16735,269327,10,0,1,4,True,False,True,7,1,0
2023-05-02,leg,16735,269327,10,0,1,4,True,False,True,8,1,0
2023-05-02,leg,16735,269327,10,0,1,4,True,False,True,9,1,0
2023-05-02,leg,16735,269327,10,0,1,4,True,False,True,10,1,0
2023-05-02,leg,23456,55923,10,0,1,2,False,False,False,1,1,0
2023-05-02,leg,23456,55923,10,0,1,2,False,False,False,2,1,0
2023-05-02,leg,23456,55923,10,0,1,2,False,False,False,3,1,0
2023-05-02,leg,23456,55923,10,0,1,2,False,False,False,4,1,0
2023-05-02,leg,23456,55923,10,0,1,2,False,False,False,5,1,0
2023-05-02,leg,23456,55923,10,0,1,2,False,False,False,6,1,0
2023-05-02,leg,23456,55923,10,0,1,2,False,False,False,7,1,0
2023-05-02,leg,23456,55923,10,0,1,2,False,False,False,8,1,0
2023-05-02,leg,23456,55923,10,0,1,2,False,False,False,9,1,0
2023-05-02,leg,23456,55923,10,0,1,2,False,False,False,10,1,0
2023-05-02,leg,27901,262589,10,0,1,4,True,False,False,1,1,0
2023-05-02,leg,27901,262589,10,0,1,4,True,False,False,2,1,0
2023-05-02,leg,27901,262589,10,0,1,4,True,False,False,3,1,0
2023-05-02,leg,27901,262589,10,0,1,4,True,False,False,4,1,0
2023-05-02,leg,27901,262589,10,0,1,4,True,False,False,5,1,0
2023-05-02,leg,27901,262589,10,0,1,4,True,False,False,6,1,0
2023-05-02,leg,27901,262589,10,0,1,4,True,False,False,7,1,0
2023-05-02,leg,27901,262589,10,0,1,4,True,False,False,8,1,0
2023-05-02,leg,27901,262589,10,0,1,4,True,False,False,9,1,0
2023-05-02,leg,27901,262589,10,0,1,4,True,False,False,10,1,0
2023-05-02,leg,16265,43037,10,0,2,"1,2",True,False,False,1,2,0
2023-05-02,leg,16265,43037,10,0,2,"1,2",True,False,False,2,2,0
2023-05-02,leg,16265,43037,10,0,2,"1,2",True,False,False,3,2,0
2023-05-02,leg,16265,43037,10,0,2,"1,2",True,False,False,4,2,0
2023-05-02,leg,16265,43037,10,0,2,"1,2",True,False,False,5,2,0
2023-05-02,leg,16265,43037,10,0,2,"1,2",True,False,False,6,2,0
2023-05-02,leg,16265,43037,10,0,2,"1,2",True,False,False,7,2,0
2023-05-02,leg,16265,43037,10,0,2,"1,2",True,False,False,8,2,0
2023-05-02,leg,16265,43037,10,0,2,"1,2",True,False,False,9,2,0
2023-05-02,leg,16265,43037,10,0,2,"1,2",True,False,False,10,2,0
2023-05-02,leg,20473,213281,10,0,1,1,True,False,False,1,1,0
2023-05-02,leg,20473,213281,10,0,1,1,True,False,False,2,1,0
2023-05-02,leg,20473,213281,10,0,1,1,True,False,False,3,1,0
2023-05-02,leg,20473,213281,10,0,1,1,True,False,False,4,1,0
2023-05-02,leg,20473,213281,10,0,1,1,True,False,False,5,1,0
2023-05-02,leg,20473,213281,10,0,1,1,True,False,False,6,1,0
2023-05-02,leg,20473,213281,10,0,1,1,True,False,False,7,1,0
2023-05-02,leg,20473,213281,10,0,1,1,True,False,False,8,1,0
2023-05-02,leg,20473,213281,10,0,1,1,True,False,False,9,1,0
2023-05-02,leg,20473,213281,10,0,1,1,True,False,False,10,1,0
2023-05-02,leg,24785,33353,10,0,1,2,True,False,False,1,1,0
2023-05-02,leg,24785,33353,10,0,1,2,True,False,False,2,1,0
2023-05-02,leg,24785,33353,10,0,1,2,True,False,False,3,1,0
2023-05-02,leg,24785,33353,10,0,1,2,True,False,False,4,1,0
2023-05-02,leg,24785,33353,10,0,1,2,True,False,False,5,1,0
2023-05-02,leg,24785,33353,10,0,1,2,True,False,False,6,1,0
2023-05-02,leg,24785,33353,10,0,1,2,True,False,False,7,1,0
2023-05-02,leg,24785,33353,10,0,1,2,True,False,False,8,1,0
2023-05-02,leg,24785,33353,10,0,1,2,True,False,False,9,1,0
2023-05-02,leg,24785,33353,10,0,1,2,True,False,False,10,1,0
2023-05-02,leg,2912,23764,10,0,1,1,True,False,False,1,1,0
2023-05-02,leg,2912,23764,10,0,1,1,True,False,False,2,1,0
2023-05-02,leg,2912,23764,10,0,1,1,True,False,False,3,1,0
2023-05-02,leg,2912,23764,10,0,1,1,True,False,False,4,1,0
2023-05-02,leg,2912,23764,10,0,1,1,True,False,False,5,1,0
2023-05-02,leg,2912,23764,10,0,1,1,True,False,False,6,1,0
2023-05-02,leg,2912,23764,10,0,1,1,True,False,False,7,1,0
2023-05-02,leg,2912,23764,10,0,1,1,True,False,False,8,1,0
2023-05-02,leg,2912,23764,10,0,1,1,True,False,False,9,1,0
2023-05-02,leg,2912,23764,10,0,1,1,True,False,False,10,1,0
2023-05-02,leg,15830,52935,10,0,1,1,True,False,False,1,1,0
2023-05-02,leg,15830,52935,10,0,1,1,True,False,False,2,1,0
2023-05-02,leg,15830,52935,10,0,1,1,True,False,False,3,1,0
2023-05-02,leg,15830,52935,10,0,1,1,True,False,False,4,1,0
2023-05-02,leg,15830,52935,10,0,1,1,True,False,False,5,1,0
2023-05-02,leg,15830,52935,10,0,1,1,True,False,False,6,1,0
2023-05-02,leg,15830,52935,10,0,1,1,True,False,False,7,1,0
2023-05-02,leg,15830,52935,10,0,1,1,True,False,False,8,1,0
2023-05-02,leg,15830,52935,10,0,1,1,True,False,False,9,1,0
2023-05-02,leg,15830,52935,10,0,1,1,True,False,False,10,1,0
2023-05-02,leg,34019,271049,10,0,2,1,True,True,False,1,2,0
2023-05-02,leg,34019,271049,10,0,2,1,True,True,False,2,2,0
2023-05-02,leg,34019,271049,10,0,2,1,True,True,False,3,2,0
2023-05-02,leg,34019,271049,10,0,2,1,True,True,False,4,2,0
2023-05-02,leg,34019,271049,10,0,2,1,True,True,False,5,2,0
2023-05-02,leg,34019,271049,10,0,2,1,True,True,False,6,2,0
2023-05-02,leg,34019,271049,10,0,2,1,True,True,False,7,2,0
2023-05-02,leg,34019,271049,10,0,2,1,True,True,False,8,2,0
2023-05-02,leg,34019,271049,10,0,2,1,True,True,False,9,2,0
2023-05-02,leg,34019,271049,10,0,2,1,True,True,False,10,2,0
2023-05-02,leg,7721,199176,10,0,1,1,True,False,True,1,1,0
2023-05-02,leg,7721,199176,10,0,1,1,True,False,True,2,1,0
2023-05-02,leg,7721,199176,10,0,1,1,True,False,True,3,1,0
2023-05-02,leg,7721,199176,10,0,1,1,True,False,True,4,1,0
2023-05-02,leg,7721,199176,10,0,1,1,True,False,True,5,1,0
2023-05-02,leg,7721,199176,10,0,1,1,True,False,True,6,1,0
2023-05-02,leg,7721,199176,10,0,1,1,True,False,True,7,1,0
2023-05-02,leg,7721,199176,10,0,1,1,True,False,True,8,1,0
2023-05-02,leg,7721,199176,10,0,1,1,True,False,True,9,1,0
2023-05-02,leg,7721,199176,10,0,1,1,True,False,True,10,1,0
2023-05-02,leg,4788,132876,10,0,1,2,True,False,False,1,1,0
2023-05-02,leg,4788,132876,10,0,1,2,True,False,False,2,1,0
2023-05-02,leg,4788,132876,10,0,1,2,True,False,False,3,1,0
2023-05-02,leg,4788,132876,10,0,1,2,True,False,False,4,1,0
2023-05-02,leg,4788,132876,10,0,1,2,True,False,False,5,1,0
2023-05-02,leg,4788,132876,10,0,1,2,True,False,False,6,1,0
2023-05-02,leg,4788,132876,10,0,1,2,True,False,False,7,1,0
2023-05-02,leg,4788,132876,10,0,1,2,True,False,False,8,1,0
2023-05-02,leg,4788,132876,10,0,1,2,True,False,False,9,1,0
2023-05-02,leg,4788,132876,10,0,1,2,True,False,False,10,1,0
2023-05-02,leg,22356,266436,10,0,1,1,True,False,False,1,1,0
2023-05-02,leg,22356,266436,10,0,1,1,True,False,False,2,1,0
2023-05-02,leg,22356,266436,10,0,1,1,True,False,False,3,1,0
2023-05-02,leg,22356,266436,10,0,1,1,True,False,False,4,1,0
2023-05-02,leg,22356,266436,10,0,1,1,True,False,False,5,1,0
2023-05-02,leg,22356,266436,10,0,1,1,True,False,False,6,1,0
2023-05-02,leg,22356,266436,10,0,1,1,True,False,False,7,1,0
2023-05-02,leg,22356,266436,10,0,1,1,True,False,False,8,1,0
2023-05-02,leg,22356,266436,10,0,1,1,True,False,False,9,1,0
2023-05-02,leg,22356,266436,10,0,1,1,True,False,False,10,1,0
2023-05-02,leg,174,396175,10,0,191,1,True,False,False,1,191,0
2023-05-02,leg,174,396175,10,0,191,1,True,False,False,2,191,0
2023-05-02,leg,174,396175,10,0,191,1,True,False,False,3,191,0
2023-05-02,leg,174,396175,10,0,191,1,True,False,False,4,191,0
2023-05-02,leg,174,396175,10,0,191,1,True,False,False,5,191,0
2023-05-02,leg,174,396175,10,0,191,1,True,False,False,6,191,0
2023-05-02,leg,174,396175,10,0,191,1,True,False,False,7,191,0
2023-05-02,leg,174,396175,10,0,191,1,True,False,False,8,191,0
2023-05-02,leg,174,396175,10,0,191,1,True,False,False,9,191,0
2023-05-02,leg,174,396175,10,0,191,1,True,False,False,10,191,0
2023-05-02,leg,7575,23456,10,0,1,1,False,False,False,1,1,0
2023-05-02,leg,7575,23456,10,0,1,1,False,False,False,2,1,0
2023-05-02,leg,7575,23456,10,0,1,1,False,False,False,3,1,0
2023-05-02,leg,7575,23456,10,0,1,1,False,False,False,4,1,0
2023-05-02,leg,7575,23456,10,0,1,1,False,False,False,5,1,0
2023-05-02,leg,7575,23456,10,0,1,1,False,False,False,6,1,0
2023-05-02,leg,7575,23456,10,0,1,1,False,False,False,7,1,0
2023-05-02,leg,7575,23456,10,0,1,1,False,False,False,8,1,0
2023-05-02,leg,7575,23456,10,0,1,1,False,False,False,9,1,0
2023-05-02,leg,7575,23456,10,0,1,1,False,False,False,10,1,0
2023-05-02,leg,15830,53047,10,0,3,"1,2",True,False,False,1,3,0
2023-05-02,leg,15830,53047,10,0,3,"1,2",True,False,False,2,3,0
2023-05-02,leg,15830,53047,10,0,3,"1,2",True,False,False,3,3,0
2023-05-02,leg,15830,53047,10,0,3,"1,2",True,False,False,4,3,0
2023-05-02,leg,15830,53047,10,0,3,"1,2",True,False,False,5,3,0
2023-05-02,leg,15830,53047,10,0,3,"1,2",True,False,False,6,3,0
2023-05-02,leg,15830,53047,10,0,3,"1,2",True,False,False,7,3,0
2023-05-02,leg,15830,53047,10,0,3,"1,2",True,False,False,8,3,0
2023-05-02,leg,15830,53047,10,0,3,"1,2",True,False,False,9,3,0
2023-05-02,leg,15830,53047,10,0,3,"1,2",True,False,False,10,3,0
2023-05-02,leg,35280,135193,10,0,3,1,True,False,False,1,3,0
2023-05-02,leg,35280,135193,10,0,3,1,True,False,False,2,3,0
2023-05-02,leg,35280,135193,10,0,3,1,True,False,False,3,3,0
2023-05-02,leg,35280,135193,10,0,3,1,True,False,False,4,3,0
2023-05-02,leg,35280,135193,10,0,3,1,True,False,False,5,3,0
2023-05-02,leg,35280,135193,10,0,3,1,True,False,False,6,3,0
2023-05-02,leg,35280,135193,10,0,3,1,True,False,False,7,3,0
2023-05-02,leg,35280,135193,10,0,3,1,True,False,False,8,3,0
2023-05-02,leg,35280,135193,10,0,3,1,True,False,False,9,3,0
2023-05-02,leg,35280,135193,10,0,3,1,True,False,False,10,3,0
2023-05-02,leg,39083,211715,10,0,1,1,True,False,False,1,1,0
2023-05-02,leg,39083,211715,10,0,1,1,True,False,False,2,1,0
2023-05-02,leg,39083,211715,10,0,1,1,True,False,False,3,1,0
2023-05-02,leg,39083,211715,10,0,1,1,True,False,False,4,1,0
2023-05-02,leg,39083,211715,10,0,1,1,True,False,False,5,1,0
2023-05-02,leg,39083,211715,10,0,1,1,True,False,False,6,1,0
2023-05-02,leg,39083,211715,10,0,1,1,True,False,False,7,1,0
2023-05-02,leg,39083,211715,10,0,1,1,True,False,False,8,1,0
2023-05-02,leg,39083,211715,10,0,1,1,True,False,False,9,1,0
2023-05-02,leg,39083,211715,10,0,1,1,True,False,False,10,1,0
2023-05-02,leg,1836,22697,10,0,1,1,True,False,False,1,1,0
2023-05-02,leg,1836,22697,10,0,1,1,True,False,False,2,1,0
2023-05-02,leg,1836,22697,10,0,1,1,True,False,False,3,1,0
2023-05-02,leg,1836,22697,10,0,1,1,True,False,False,4,1,0
2023-05-02,leg,1836,22697,10,0,1,1,True,False,False,5,1,0
2023-05-02,leg,1836,22697,10,0,1,1,True,False,False,6,1,0
2023-05-02,leg,1836,22697,10,0,1,1,True,False,False,7,1,0
2023-05-02,leg,1836,22697,10,0,1,1,True,False,False,8,1,0
2023-05-02,leg,1836,22697,10,0,1,1,True,False,False,9,1,0
2023-05-02,leg,1836,22697,10,0,1,1,True,False,False,10,1,0
2023-05-02,leg,19551,23456,10,0,1,1,False,False,False,1,1,0
2023-05-02,leg,19551,23456,10,0,1,1,False,False,False,2,1,0
2023-05-02,leg,19551,23456,10,0,1,1,False,False,False,3,1,0
2023-05-02,leg,19551,23456,10,0,1,1,False,False,False,4,1,0
2023-05-02,leg,19551,23456,10,0,1,1,False,False,False,5,1,0
2023-05-02,leg,19551,23456,10,0,1,1,False,False,False,6,1,0
2023-05-02,leg,19551,23456,10,0,1,1,False,False,False,7,1,0
2023-05-02,leg,19551,23456,10,0,1,1,False,False,False,8,1,0
2023-05-02,leg,19551,23456,10,0,1,1,False,False,False,9,1,0
2023-05-02,leg,19551,23456,10,0,1,1,False,False,False,10,1,0
2023-05-02,leg,9145,12418,10,0,1,2,True,False,False,1,1,0
2023-05-02,leg,9145,12418,10,0,1,2,True,False,False,2,1,0
2023-05-02,leg,9145,12418,10,0,1,2,True,False,False,3,1,0
2023-05-02,leg,9145,12418,10,0,1,2,True,False,False,4,1,0
2023-05-02,leg,9145,12418,10,0,1,2,True,False,False,5,1,0
2023-05-02,leg,9145,12418,10,0,1,2,True,False,False,6,1,0
2023-05-02,leg,9145,12418,10,0,1,2,True,False,False,7,1,0
2023-05-02,leg,9145,12418,10,0,1,2,True,False,False,8,1,0
2023-05-02,leg,9145,12418,10,0,1,2,True,False,False,9,1,0
2023-05-02,leg,9145,12418,10,0,1,2,True,False,False,10,1,0
2023-05-02,leg,5650,11472,10,0,385,1,True,False,False,1,385,0
2023-05-02,leg,5650,11472,10,0,385,1,True,False,False,2,385,0
2023-05-02,leg,5650,11472,10,0,385,1,True,False,False,3,385,0
2023-05-02,leg,5650,11472,10,0,385,1,True,False,False,4,385,0
2023-05-02,leg,5650,11472,10,0,385,1,True,False,False,5,385,0
2023-05-02,leg,5650,11472,10,0,385,1,True,False,False,6,385,0
2023-05-02,leg,5650,11472,10,0,385,1,True,False,False,7,385,0
2023-05-02,leg,5650,11472,10,0,385,1,True,False,False,8,385,0
2023-05-02,leg,5650,11472,10,0,385,1,True,False,False,9,385,0
2023-05-02,leg,5650,11472,10,0,385,1,True,False,False,10,385,0
2023-05-02,leg,54527,397849,10,0,1,1,True,False,False,1,1,0
2023-05-02,leg,54527,397849,10,0,1,1,True,False,False,2,1,0
2023-05-02,leg,54527,397849,10,0,1,1,True,False,False,3,1,0
2023-05-02,leg,54527,397849,10,0,1,1,True,False,False,4,1,0
2023-05-02,leg,54527,397849,10,0,1,1,True,False,False,5,1,0
2023-05-02,leg,54527,397849,10,0,1,1,True,False,False,6,1,0
2023-05-02,leg,54527,397849,10,0,1,1,True,False,False,7,1,0
2023-05-02,leg,54527,397849,10,0,1,1,True,False,False,8,1,0
2023-05-02,leg,54527,397849,10,0,1,1,True,False,False,9,1,0
2023-05-02,leg,54527,397849,10,0,1,1,True,False,False,10,1,0
2023-05-02,leg,3549,22846,10,0,1,1,True,False,False,1,1,0
2023-05-02,leg,3549,22846,10,0,1,1,True,False,False,2,1,0
2023-05-02,leg,3549,22846,10,0,1,1,True,False,False,3,1,0
2023-05-02,leg,3549,22846,10,0,1,1,True,False,False,4,1,0
2023-05-02,leg,3549,22846,10,0,1,1,True,False,False,5,1,0
2023-05-02,leg,3549,22846,10,0,1,1,True,False,False,6,1,0
2023-05-02,leg,3549,22846,10,0,1,1,True,False,False,7,1,0
2023-05-02,leg,3549,22846,10,0,1,1,True,False,False,8,1,0
2023-05-02,leg,3549,22846,10,0,1,1,True,False,False,9,1,0
2023-05-02,leg,3549,22846,10,0,1,1,True,False,False,10,1,0
2023-05-02,leg,7195,28629,10,0,1,1,True,False,False,1,1,0
2023-05-02,leg,7195,28629,10,0,1,1,True,False,False,2,1,0
2023-05-02,leg,7195,28629,10,0,1,1,True,False,False,3,1,0
2023-05-02,leg,7195,28629,10,0,1,1,True,False,False,4,1,0
2023-05-02,leg,7195,28629,10,0,1,1,True,False,False,5,1,0
2023-05-02,leg,7195,28629,10,0,1,1,True,False,False,6,1,0
2023-05-02,leg,7195,28629,10,0,1,1,True,False,False,7,1,0
2023-05-02,leg,7195,28629,10,0,1,1,True,False,False,8,1,0
2023-05-02,leg,7195,28629,10,0,1,1,True,False,False,9,1,0
2023-05-02,leg,7195,28629,10,0,1,1,True,False,False,10,1,0
2023-05-02,leg,2541,35577,10,0,21,1,True,True,False,1,12,9
2023-05-02,leg,2541,35577,10,0,21,1,True,True,False,2,13,8
2023-05-02,leg,2541,35577,10,0,21,1,True,True,False,3,16,5
2023-05-02,leg,2541,35577,10,0,21,1,True,True,False,4,16,5
2023-05-02,leg,2541,35577,10,0,21,1,True,True,False,5,17,4
2023-05-02,leg,2541,35577,10,0,21,1,True,True,False,6,16,5
2023-05-02,leg,2541,35577,10,0,21,1,True,True,False,7,17,4
2023-05-02,leg,2541,35577,10,0,21,1,True,True,False,8,17,4
2023-05-02,leg,2541,35577,10,0,21,1,True,True,False,9,17,4
2023-05-02,leg,2541,35577,10,0,21,1,True,True,False,10,17,4
2023-05-02,leg,13335,266541,10,0,487,1,True,False,False,1,453,34
2023-05-02,leg,13335,266541,10,0,487,1,True,False,False,2,474,13
2023-05-02,leg,13335,266541,10,0,487,1,True,False,False,3,476,11
2023-05-02,leg,13335,266541,10,0,487,1,True,False,False,4,478,9
2023-05-02,leg,13335,266541,10,0,487,1,True,False,False,5,479,8
2023-05-02,leg,13335,266541,10,0,487,1,True,False,False,6,481,6
2023-05-02,leg,13335,266541,10,0,487,1,True,False,False,7,481,6
2023-05-02,leg,13335,266541,10,0,487,1,True,False,False,8,481,6
2023-05-02,leg,13335,266541,10,0,487,1,True,False,False,9,480,7
2023-05-02,leg,13335,266541,10,0,487,1,True,False,False,10,483,4
2023-05-02,leg,58299,62809,10,0,1,1,True,False,False,1,1,0
2023-05-02,leg,58299,62809,10,0,1,1,True,False,False,2,1,0
2023-05-02,leg,58299,62809,10,0,1,1,True,False,False,3,1,0
2023-05-02,leg,58299,62809,10,0,1,1,True,False,False,4,1,0
2023-05-02,leg,58299,62809,10,0,1,1,True,False,False,5,1,0
2023-05-02,leg,58299,62809,10,0,1,1,True,False,False,6,1,0
2023-05-02,leg,58299,62809,10,0,1,1,True,False,False,7,1,0
2023-05-02,leg,58299,62809,10,0,1,1,True,False,False,8,1,0
2023-05-02,leg,58299,62809,10,0,1,1,True,False,False,9,1,0
2023-05-02,leg,58299,62809,10,0,1,1,True,False,False,10,1,0
2023-05-02,leg,2603,56444,10,0,1,1,True,False,False,1,1,0
2023-05-02,leg,2603,56444,10,0,1,1,True,False,False,2,1,0
2023-05-02,leg,2603,56444,10,0,1,1,True,False,False,3,1,0
2023-05-02,leg,2603,56444,10,0,1,1,True,False,False,4,1,0
2023-05-02,leg,2603,56444,10,0,1,1,True,False,False,5,1,0
2023-05-02,leg,2603,56444,10,0,1,1,True,False,False,6,1,0
2023-05-02,leg,2603,56444,10,0,1,1,True,False,False,7,1,0
2023-05-02,leg,2603,56444,10,0,1,1,True,False,False,8,1,0
2023-05-02,leg,2603,56444,10,0,1,1,True,False,False,9,1,0
2023-05-02,leg,2603,56444,10,0,1,1,True,False,False,10,1,0
2023-05-02,leg,56665,59790,10,0,1,1,True,False,True,1,1,0
2023-05-02,leg,56665,59790,10,0,1,1,True,False,True,2,1,0
2023-05-02,leg,56665,59790,10,0,1,1,True,False,True,3,1,0
2023-05-02,leg,56665,59790,10,0,1,1,True,False,True,4,1,0
2023-05-02,leg,56665,59790,10,0,1,1,True,False,True,5,1,0
2023-05-02,leg,56665,59790,10,0,1,1,True,False,True,6,1,0
2023-05-02,leg,56665,59790,10,0,1,1,True,False,True,7,1,0
2023-05-02,leg,56665,59790,10,0,1,1,True,False,True,8,1,0
2023-05-02,leg,56665,59790,10,0,1,1,True,False,True,9,1,0
2023-05-02,leg,56665,59790,10,0,1,1,True,False,True,10,1,0
2023-05-02,leg,13335,263526,10,0,172,1,True,False,False,1,165,7
2023-05-02,leg,13335,263526,10,0,172,1,True,False,False,2,170,2
2023-05-02,leg,13335,263526,10,0,172,1,True,False,False,3,170,2
2023-05-02,leg,13335,263526,10,0,172,1,True,False,False,4,170,2
2023-05-02,leg,13335,263526,10,0,172,1,True,False,False,5,172,0
2023-05-02,leg,13335,263526,10,0,172,1,True,False,False,6,170,2
2023-05-02,leg,13335,263526,10,0,172,1,True,False,False,7,172,0
2023-05-02,leg,13335,263526,10,0,172,1,True,False,False,8,172,0
2023-05-02,leg,13335,263526,10,0,172,1,True,False,False,9,172,0
2023-05-02,leg,13335,263526,10,0,172,1,True,False,False,10,172,0
2023-05-02,leg,43037,61955,10,0,2,"1,2",True,False,True,1,2,0
2023-05-02,leg,43037,61955,10,0,2,"1,2",True,False,True,2,2,0
2023-05-02,leg,43037,61955,10,0,2,"1,2",True,False,True,3,2,0
2023-05-02,leg,43037,61955,10,0,2,"1,2",True,False,True,4,2,0
2023-05-02,leg,43037,61955,10,0,2,"1,2",True,False,True,5,2,0
2023-05-02,leg,43037,61955,10,0,2,"1,2",True,False,True,6,2,0
2023-05-02,leg,43037,61955,10,0,2,"1,2",True,False,True,7,2,0
2023-05-02,leg,43037,61955,10,0,2,"1,2",True,False,True,8,2,0
2023-05-02,leg,43037,61955,10,0,2,"1,2",True,False,True,9,2,0
2023-05-02,leg,43037,61955,10,0,2,"1,2",True,False,True,10,2,0
2023-05-02,leg,132337,202218,10,0,1,1,True,True,True,1,1,0
2023-05-02,leg,132337,202218,10,0,1,1,True,True,True,2,1,0
2023-05-02,leg,132337,202218,10,0,1,1,True,True,True,3,1,0
2023-05-02,leg,132337,202218,10,0,1,1,True,True,True,4,1,0
2023-05-02,leg,132337,202218,10,0,1,1,True,True,True,5,1,0
2023-05-02,leg,132337,202218,10,0,1,1,True,True,True,6,1,0
2023-05-02,leg,132337,202218,10,0,1,1,True,True,True,7,1,0
2023-05-02,leg,132337,202218,10,0,1,1,True,True,True,8,1,0
2023-05-02,leg,132337,202218,10,0,1,1,True,True,True,9,1,0
2023-05-02,leg,132337,202218,10,0,1,1,True,True,True,10,1,0
2023-05-02,leg,39120,328498,10,0,1,1,True,True,True,1,1,0
2023-05-02,leg,39120,328498,10,0,1,1,True,True,True,2,1,0
2023-05-02,leg,39120,328498,10,0,1,1,True,True,True,3,1,0
2023-05-02,leg,39120,328498,10,0,1,1,True,True,True,4,1,0
2023-05-02,leg,39120,328498,10,0,1,1,True,True,True,5,1,0
2023-05-02,leg,39120,328498,10,0,1,1,True,True,True,6,1,0
2023-05-02,leg,39120,328498,10,0,1,1,True,True,True,7,1,0
2023-05-02,leg,39120,328498,10,0,1,1,True,True,True,8,1,0
2023-05-02,leg,39120,328498,10,0,1,1,True,True,True,9,1,0
2023-05-02,leg,39120,328498,10,0,1,1,True,True,True,10,1,0
2023-05-02,leg,13335,265224,10,0,171,1,True,False,False,1,170,1
2023-05-02,leg,13335,265224,10,0,171,1,True,False,False,2,171,0
2023-05-02,leg,13335,265224,10,0,171,1,True,False,False,3,170,1
2023-05-02,leg,13335,265224,10,0,171,1,True,False,False,4,171,0
2023-05-02,leg,13335,265224,10,0,171,1,True,False,False,5,171,0
2023-05-02,leg,13335,265224,10,0,171,1,True,False,False,6,171,0
2023-05-02,leg,13335,265224,10,0,171,1,True,False,False,7,171,0
2023-05-02,leg,13335,265224,10,0,171,1,True,False,False,8,171,0
2023-05-02,leg,13335,265224,10,0,171,1,True,False,False,9,171,0
2023-05-02,leg,13335,265224,10,0,171,1,True,False,False,10,171,0
2023-05-02,leg,133720,151084,10,0,177,1,False,True,False,1,177,0
2023-05-02,leg,133720,151084,10,0,177,1,False,True,False,2,177,0
2023-05-02,leg,133720,151084,10,0,177,1,False,True,False,3,177,0
2023-05-02,leg,133720,151084,10,0,177,1,False,True,False,4,177,0
2023-05-02,leg,133720,151084,10,0,177,1,False,True,False,5,174,3
2023-05-02,leg,133720,151084,10,0,177,1,False,True,False,6,177,0
2023-05-02,leg,133720,151084,10,0,177,1,False,True,False,7,177,0
2023-05-02,leg,133720,151084,10,0,177,1,False,True,False,8,177,0
2023-05-02,leg,133720,151084,10,0,177,1,False,True,False,9,177,0
2023-05-02,leg,133720,151084,10,0,177,1,False,True,False,10,155,22
2023-05-02,leg,9304,47864,10,0,4,"2,3,4",True,False,False,1,3,1
2023-05-02,leg,9304,47864,10,0,4,"2,3,4",True,False,False,2,4,0
2023-05-02,leg,9304,47864,10,0,4,"2,3,4",True,False,False,3,4,0
2023-05-02,leg,9304,47864,10,0,4,"2,3,4",True,False,False,4,4,0
2023-05-02,leg,9304,47864,10,0,4,"2,3,4",True,False,False,5,4,0
2023-05-02,leg,9304,47864,10,0,4,"2,3,4",True,False,False,6,4,0
2023-05-02,leg,9304,47864,10,0,4,"2,3,4",True,False,False,7,4,0
2023-05-02,leg,9304,47864,10,0,4,"2,3,4",True,False,False,8,4,0
2023-05-02,leg,9304,47864,10,0,4,"2,3,4",True,False,False,9,4,0
2023-05-02,leg,9304,47864,10,0,4,"2,3,4",True,False,False,10,4,0
2023-05-02,leg,13335,270620,10,0,215,1,True,False,False,1,210,5
2023-05-02,leg,13335,270620,10,0,215,1,True,False,False,2,212,3
2023-05-02,leg,13335,270620,10,0,215,1,True,False,False,3,212,3
2023-05-02,leg,13335,270620,10,0,215,1,True,False,False,4,213,2
2023-05-02,leg,13335,270620,10,0,215,1,True,False,False,5,213,2
2023-05-02,leg,13335,270620,10,0,215,1,True,False,False,6,214,1
2023-05-02,leg,13335,270620,10,0,215,1,True,False,False,7,214,1
2023-05-02,leg,13335,270620,10,0,215,1,True,False,False,8,214,1
2023-05-02,leg,13335,270620,10,0,215,1,True,False,False,9,214,1
2023-05-02,leg,13335,270620,10,0,215,1,True,False,False,10,214,1
2023-05-02,leg,24631,197343,10,0,363,"1,2",True,False,False,1,363,0
2023-05-02,leg,24631,197343,10,0,363,"1,2",True,False,False,2,363,0
2023-05-02,leg,24631,197343,10,0,363,"1,2",True,False,False,3,363,0
2023-05-02,leg,24631,197343,10,0,363,"1,2",True,False,False,4,363,0
2023-05-02,leg,24631,197343,10,0,363,"1,2",True,False,False,5,363,0
2023-05-02,leg,24631,197343,10,0,363,"1,2",True,False,False,6,363,0
2023-05-02,leg,24631,197343,10,0,363,"1,2",True,False,False,7,363,0
2023-05-02,leg,24631,197343,10,0,363,"1,2",True,False,False,8,363,0
2023-05-02,leg,24631,197343,10,0,363,"1,2",True,False,False,9,363,0
2023-05-02,leg,24631,197343,10,0,363,"1,2",True,False,False,10,363,0
2023-05-02,leg,4800,59796,10,0,4,2,True,False,False,1,4,0
2023-05-02,leg,4800,59796,10,0,4,2,True,False,False,2,4,0
2023-05-02,leg,4800,59796,10,0,4,2,True,False,False,3,4,0
2023-05-02,leg,4800,59796,10,0,4,2,True,False,False,4,4,0
2023-05-02,leg,4800,59796,10,0,4,2,True,False,False,5,4,0
2023-05-02,leg,4800,59796,10,0,4,2,True,False,False,6,4,0
2023-05-02,leg,4800,59796,10,0,4,2,True,False,False,7,4,0
2023-05-02,leg,4800,59796,10,0,4,2,True,False,False,8,4,0
2023-05-02,leg,4800,59796,10,0,4,2,True,False,False,9,4,0
2023-05-02,leg,4800,59796,10,0,4,2,True,False,False,10,4,0
2023-05-02,leg,23456,29169,10,0,1,1,False,False,False,1,1,0
2023-05-02,leg,23456,29169,10,0,1,1,False,False,False,2,1,0
2023-05-02,leg,23456,29169,10,0,1,1,False,False,False,3,1,0
2023-05-02,leg,23456,29169,10,0,1,1,False,False,False,4,1,0
2023-05-02,leg,23456,29169,10,0,1,1,False,False,False,5,1,0
2023-05-02,leg,23456,29169,10,0,1,1,False,False,False,6,1,0
2023-05-02,leg,23456,29169,10,0,1,1,False,False,False,7,1,0
2023-05-02,leg,23456,29169,10,0,1,1,False,False,False,8,1,0
2023-05-02,leg,23456,29169,10,0,1,1,False,False,False,9,1,0
2023-05-02,leg,23456,29169,10,0,1,1,False,False,False,10,1,0
2023-05-02,leg,201749,203735,10,0,361,1,True,False,False,1,361,0
2023-05-02,leg,201749,203735,10,0,361,1,True,False,False,2,361,0
2023-05-02,leg,201749,203735,10,0,361,1,True,False,False,3,361,0
2023-05-02,leg,201749,203735,10,0,361,1,True,False,False,4,361,0
2023-05-02,leg,201749,203735,10,0,361,1,True,False,False,5,361,0
2023-05-02,leg,201749,203735,10,0,361,1,True,False,False,6,361,0
2023-05-02,leg,201749,203735,10,0,361,1,True,False,False,7,361,0
2023-05-02,leg,201749,203735,10,0,361,1,True,False,False,8,361,0
2023-05-02,leg,201749,203735,10,0,361,1,True,False,False,9,361,0
2023-05-02,leg,201749,203735,10,0,361,1,True,False,False,10,361,0
2023-05-02,leg,2687,4229,10,0,1,2,True,False,False,1,1,0
2023-05-02,leg,2687,4229,10,0,1,2,True,False,False,2,1,0
2023-05-02,leg,2687,4229,10,0,1,2,True,False,False,3,1,0
2023-05-02,leg,2687,4229,10,0,1,2,True,False,False,4,1,0
2023-05-02,leg,2687,4229,10,0,1,2,True,False,False,5,1,0
2023-05-02,leg,2687,4229,10,0,1,2,True,False,False,6,1,0
2023-05-02,leg,2687,4229,10,0,1,2,True,False,False,7,1,0
2023-05-02,leg,2687,4229,10,0,1,2,True,False,False,8,1,0
2023-05-02,leg,2687,4229,10,0,1,2,True,False,False,9,1,0
2023-05-02,leg,2687,4229,10,0,1,2,True,False,False,10,1,0
2023-05-02,leg,13335,269415,10,0,203,1,True,False,False,1,158,45
2023-05-02,leg,13335,269415,10,0,203,1,True,False,False,2,181,22
2023-05-02,leg,13335,269415,10,0,203,1,True,False,False,3,192,11
2023-05-02,leg,13335,269415,10,0,203,1,True,False,False,4,198,5
2023-05-02,leg,13335,269415,10,0,203,1,True,False,False,5,203,0
2023-05-02,leg,13335,269415,10,0,203,1,True,False,False,6,203,0
2023-05-02,leg,13335,269415,10,0,203,1,True,False,False,7,203,0
2023-05-02,leg,13335,269415,10,0,203,1,True,False,False,8,203,0
2023-05-02,leg,13335,269415,10,0,203,1,True,False,False,9,203,0
2023-05-02,leg,13335,269415,10,0,203,1,True,False,False,10,203,0
2023-05-02,leg,199176,212508,10,0,1,1,True,False,False,1,1,0
2023-05-02,leg,199176,212508,10,0,1,1,True,False,False,2,1,0
2023-05-02,leg,199176,212508,10,0,1,1,True,False,False,3,1,0
2023-05-02,leg,199176,212508,10,0,1,1,True,False,False,4,1,0
2023-05-02,leg,199176,212508,10,0,1,1,True,False,False,5,1,0
2023-05-02,leg,199176,212508,10,0,1,1,True,False,False,6,1,0
2023-05-02,leg,199176,212508,10,0,1,1,True,False,False,7,1,0
2023-05-02,leg,199176,212508,10,0,1,1,True,False,False,8,1,0
2023-05-02,leg,199176,212508,10,0,1,1,True,False,False,9,1,0
2023-05-02,leg,199176,212508,10,0,1,1,True,False,False,10,1,0
2023-05-02,leg,61573,266436,10,0,1,1,True,False,True,1,1,0
2023-05-02,leg,61573,266436,10,0,1,1,True,False,True,2,1,0
2023-05-02,leg,61573,266436,10,0,1,1,True,False,True,3,1,0
2023-05-02,leg,61573,266436,10,0,1,1,True,False,True,4,1,0
2023-05-02,leg,61573,266436,10,0,1,1,True,False,True,5,1,0
2023-05-02,leg,61573,266436,10,0,1,1,True,False,True,6,1,0
2023-05-02,leg,61573,266436,10,0,1,1,True,False,True,7,1,0
2023-05-02,leg,61573,266436,10,0,1,1,True,False,True,8,1,0
2023-05-02,leg,61573,266436,10,0,1,1,True,False,True,9,1,0
2023-05-02,leg,61573,266436,10,0,1,1,True,False,True,10,1,0
2023-05-02,leg,207968,211715,10,0,1,3,True,False,False,1,1,0
2023-05-02,leg,207968,211715,10,0,1,3,True,False,False,2,1,0
2023-05-02,leg,207968,211715,10,0,1,3,True,False,False,3,1,0
2023-05-02,leg,207968,211715,10,0,1,3,True,False,False,4,1,0
2023-05-02,leg,207968,211715,10,0,1,3,True,False,False,5,1,0
2023-05-02,leg,207968,211715,10,0,1,3,True,False,False,6,1,0
2023-05-02,leg,207968,211715,10,0,1,3,True,False,False,7,1,0
2023-05-02,leg,207968,211715,10,0,1,3,True,False,False,8,1,0
2023-05-02,leg,207968,211715,10,0,1,3,True,False,False,9,1,0
2023-05-02,leg,207968,211715,10,0,1,3,True,False,False,10,1,0
2023-05-02,leg,12874,209301,10,0,17,1,True,False,False,1,17,0
2023-05-02,leg,12874,209301,10,0,17,1,True,False,False,2,17,0
2023-05-02,leg,12874,209301,10,0,17,1,True,False,False,3,17,0
2023-05-02,leg,12874,209301,10,0,17,1,True,False,False,4,17,0
2023-05-02,leg,12874,209301,10,0,17,1,True,False,False,5,17,0
2023-05-02,leg,12874,209301,10,0,17,1,True,False,False,6,17,0
2023-05-02,leg,12874,209301,10,0,17,1,True,False,False,7,17,0
2023-05-02,leg,12874,209301,10,0,17,1,True,False,False,8,17,0
2023-05-02,leg,12874,209301,10,0,17,1,True,False,False,9,17,0
2023-05-02,leg,12874,209301,10,0,17,1,True,False,False,10,17,0
2023-05-02,leg,29838,395301,10,0,1,1,True,False,False,1,1,0
2023-05-02,leg,29838,395301,10,0,1,1,True,False,False,2,1,0
2023-05-02,leg,29838,395301,10,0,1,1,True,False,False,3,1,0
2023-05-02,leg,29838,395301,10,0,1,1,True,False,False,4,1,0
2023-05-02,leg,29838,395301,10,0,1,1,True,False,False,5,1,0
2023-05-02,leg,29838,395301,10,0,1,1,True,False,False,6,1,0
2023-05-02,leg,29838,395301,10,0,1,1,True,False,False,7,1,0
2023-05-02,leg,29838,395301,10,0,1,1,True,False,False,8,1,0
2023-05-02,leg,29838,395301,10,0,1,1,True,False,False,9,1,0
2023-05-02,leg,29838,395301,10,0,1,1,True,False,False,10,1,0
2023-05-02,leg,1239,138025,10,0,1,1,True,False,False,1,1,0
2023-05-02,leg,1239,138025,10,0,1,1,True,False,False,2,1,0
2023-05-02,leg,1239,138025,10,0,1,1,True,False,False,3,1,0
2023-05-02,leg,1239,138025,10,0,1,1,True,False,False,4,1,0
2023-05-02,leg,1239,138025,10,0,1,1,True,False,False,5,1,0
2023-05-02,leg,1239,138025,10,0,1,1,True,False,False,6,1,0
2023-05-02,leg,1239,138025,10,0,1,1,True,False,False,7,1,0
2023-05-02,leg,1239,138025,10,0,1,1,True,False,False,8,1,0
2023-05-02,leg,1239,138025,10,0,1,1,True,False,False,9,1,0
2023-05-02,leg,1239,138025,10,0,1,1,True,False,False,10,1,0
2023-05-02,leg,1836,29056,10,0,2,2,True,False,False,1,2,0
2023-05-02,leg,1836,29056,10,0,2,2,True,False,False,2,2,0
2023-05-02,leg,1836,29056,10,0,2,2,True,False,False,3,2,0
2023-05-02,leg,1836,29056,10,0,2,2,True,False,False,4,2,0
2023-05-02,leg,1836,29056,10,0,2,2,True,False,False,5,2,0
2023-05-02,leg,1836,29056,10,0,2,2,True,False,False,6,2,0
2023-05-02,leg,1836,29056,10,0,2,2,True,False,False,7,2,0
2023-05-02,leg,1836,29056,10,0,2,2,True,False,False,8,2,0
2023-05-02,leg,1836,29056,10,0,2,2,True,False,False,9,2,0
2023-05-02,leg,1836,29056,10,0,2,2,True,False,False,10,2,0
2023-05-02,leg,13335,264130,10,0,230,1,True,False,False,1,226,4
2023-05-02,leg,13335,264130,10,0,230,1,True,False,False,2,228,2
2023-05-02,leg,13335,264130,10,0,230,1,True,False,False,3,228,2
2023-05-02,leg,13335,264130,10,0,230,1,True,False,False,4,229,1
2023-05-02,leg,13335,264130,10,0,230,1,True,False,False,5,229,1
2023-05-02,leg,13335,264130,10,0,230,1,True,False,False,6,230,0
2023-05-02,leg,13335,264130,10,0,230,1,True,False,False,7,230,0
2023-05-02,leg,13335,264130,10,0,230,1,True,False,False,8,230,0
2023-05-02,leg,13335,264130,10,0,230,1,True,False,False,9,230,0
2023-05-02,leg,13335,264130,10,0,230,1,True,False,False,10,230,0
2023-05-02,leg,3549,19141,10,0,1,1,True,False,False,1,1,0
2023-05-02,leg,3549,19141,10,0,1,1,True,False,False,2,1,0
2023-05-02,leg,3549,19141,10,0,1,1,True,False,False,3,1,0
2023-05-02,leg,3549,19141,10,0,1,1,True,False,False,4,1,0
2023-05-02,leg,3549,19141,10,0,1,1,True,False,False,5,1,0
2023-05-02,leg,3549,19141,10,0,1,1,True,False,False,6,1,0
2023-05-02,leg,3549,19141,10,0,1,1,True,False,False,7,1,0
2023-05-02,leg,3549,19141,10,0,1,1,True,False,False,8,1,0
2023-05-02,leg,3549,19141,10,0,1,1,True,False,False,9,1,0
2023-05-02,leg,3549,19141,10,0,1,1,True,False,False,10,1,0
2023-05-02,leg,53828,395301,10,0,1,1,True,False,True,1,1,0
2023-05-02,leg,53828,395301,10,0,1,1,True,False,True,2,1,0
2023-05-02,leg,53828,395301,10,0,1,1,True,False,True,3,1,0
2023-05-02,leg,53828,395301,10,0,1,1,True,False,True,4,1,0
2023-05-02,leg,53828,395301,10,0,1,1,True,False,True,5,1,0
2023-05-02,leg,53828,395301,10,0,1,1,True,False,True,6,1,0
2023-05-02,leg,53828,395301,10,0,1,1,True,False,True,7,1,0
2023-05-02,leg,53828,395301,10,0,1,1,True,False,True,8,1,0
2023-05-02,leg,53828,395301,10,0,1,1,True,False,True,9,1,0
2023-05-02,leg,53828,395301,10,0,1,1,True,False,True,10,1,0
2023-05-02,leg,13335,267702,10,0,257,1,True,False,False,1,254,3
2023-05-02,leg,13335,267702,10,0,257,1,True,False,False,2,256,1
2023-05-02,leg,13335,267702,10,0,257,1,True,False,False,3,255,2
2023-05-02,leg,13335,267702,10,0,257,1,True,False,False,4,256,1
2023-05-02,leg,13335,267702,10,0,257,1,True,False,False,5,257,0
2023-05-02,leg,13335,267702,10,0,257,1,True,False,False,6,257,0
2023-05-02,leg,13335,267702,10,0,257,1,True,False,False,7,257,0
2023-05-02,leg,13335,267702,10,0,257,1,True,False,False,8,257,0
2023-05-02,leg,13335,267702,10,0,257,1,True,False,False,9,257,0
2023-05-02,leg,13335,267702,10,0,257,1,True,False,False,10,257,0
2023-05-02,leg,18888,54527,10,0,1,1,True,False,False,1,1,0
2023-05-02,leg,18888,54527,10,0,1,1,True,False,False,2,1,0
2023-05-02,leg,18888,54527,10,0,1,1,True,False,False,3,1,0
2023-05-02,leg,18888,54527,10,0,1,1,True,False,False,4,1,0
2023-05-02,leg,18888,54527,10,0,1,1,True,False,False,5,1,0
2023-05-02,leg,18888,54527,10,0,1,1,True,False,False,6,1,0
2023-05-02,leg,18888,54527,10,0,1,1,True,False,False,7,1,0
2023-05-02,leg,18888,54527,10,0,1,1,True,False,False,8,1,0
2023-05-02,leg,18888,54527,10,0,1,1,True,False,False,9,1,0
2023-05-02,leg,18888,54527,10,0,1,1,True,False,False,10,1,0
2023-05-02,leg,208183,211715,10,0,1,1,True,False,False,1,1,0
2023-05-02,leg,208183,211715,10,0,1,1,True,False,False,2,1,0
2023-05-02,leg,208183,211715,10,0,1,1,True,False,False,3,1,0
2023-05-02,leg,208183,211715,10,0,1,1,True,False,False,4,1,0
2023-05-02,leg,208183,211715,10,0,1,1,True,False,False,5,1,0
2023-05-02,leg,208183,211715,10,0,1,1,True,False,False,6,1,0
2023-05-02,leg,208183,211715,10,0,1,1,True,False,False,7,1,0
2023-05-02,leg,208183,211715,10,0,1,1,True,False,False,8,1,0
2023-05-02,leg,208183,211715,10,0,1,1,True,False,False,9,1,0
2023-05-02,leg,208183,211715,10,0,1,1,True,False,False,10,1,0
2023-05-02,leg,2914,60486,10,0,47,"1,2",True,True,False,1,29,18
2023-05-02,leg,2914,60486,10,0,47,"1,2",True,True,False,2,39,8
2023-05-02,leg,2914,60486,10,0,47,"1,2",True,True,False,3,40,7
2023-05-02,leg,2914,60486,10,0,47,"1,2",True,True,False,4,45,2
2023-05-02,leg,2914,60486,10,0,47,"1,2",True,True,False,5,45,2
2023-05-02,leg,2914,60486,10,0,47,"1,2",True,True,False,6,46,1
2023-05-02,leg,2914,60486,10,0,47,"1,2",True,True,False,7,47,0
2023-05-02,leg,2914,60486,10,0,47,"1,2",True,True,False,8,47,0
2023-05-02,leg,2914,60486,10,0,47,"1,2",True,True,False,9,46,1
2023-05-02,leg,2914,60486,10,0,47,"1,2",True,True,False,10,47,0
2023-05-02,leg,132132,135300,10,0,3,9,True,False,False,1,3,0
2023-05-02,leg,132132,135300,10,0,3,9,True,False,False,2,3,0
2023-05-02,leg,132132,135300,10,0,3,9,True,False,False,3,3,0
2023-05-02,leg,132132,135300,10,0,3,9,True,False,False,4,3,0
2023-05-02,leg,132132,135300,10,0,3,9,True,False,False,5,3,0
2023-05-02,leg,132132,135300,10,0,3,9,True,False,False,6,3,0
2023-05-02,leg,132132,135300,10,0,3,9,True,False,False,7,3,0
2023-05-02,leg,132132,135300,10,0,3,9,True,False,False,8,3,0
2023-05-02,leg,132132,135300,10,0,3,9,True,False,False,9,3,0
2023-05-02,leg,132132,135300,10,0,3,9,True,False,False,10,3,0
2023-05-02,leg,4764,33548,10,0,2,"2,3",True,False,False,1,2,0
2023-05-02,leg,4764,33548,10,0,2,"2,3",True,False,False,2,2,0
2023-05-02,leg,4764,33548,10,0,2,"2,3",True,False,False,3,2,0
2023-05-02,leg,4764,33548,10,0,2,"2,3",True,False,False,4,2,0
2023-05-02,leg,4764,33548,10,0,2,"2,3",True,False,False,5,2,0
2023-05-02,leg,4764,33548,10,0,2,"2,3",True,False,False,6,2,0
2023-05-02,leg,4764,33548,10,0,2,"2,3",True,False,False,7,2,0
2023-05-02,leg,4764,33548,10,0,2,"2,3",True,False,False,8,2,0
2023-05-02,leg,4764,33548,10,0,2,"2,3",True,False,False,9,2,0
2023-05-02,leg,4764,33548,10,0,2,"2,3",True,False,False,10,2,0
2023-05-02,leg,13335,263096,10,0,119,1,True,False,False,1,111,8
2023-05-02,leg,13335,263096,10,0,119,1,True,False,False,2,116,3
2023-05-02,leg,13335,263096,10,0,119,1,True,False,False,3,117,2
2023-05-02,leg,13335,263096,10,0,119,1,True,False,False,4,118,1
2023-05-02,leg,13335,263096,10,0,119,1,True,False,False,5,119,0
2023-05-02,leg,13335,263096,10,0,119,1,True,False,False,6,119,0
2023-05-02,leg,13335,263096,10,0,119,1,True,False,False,7,119,0
2023-05-02,leg,13335,263096,10,0,119,1,True,False,False,8,119,0
2023-05-02,leg,13335,263096,10,0,119,1,True,False,False,9,119,0
2023-05-02,leg,13335,263096,10,0,119,1,True,False,False,10,119,0
2023-05-02,leg,4851,23456,10,0,1,1,False,False,False,1,1,0
2023-05-02,leg,4851,23456,10,0,1,1,False,False,False,2,1,0
2023-05-02,leg,4851,23456,10,0,1,1,False,False,False,3,1,0
2023-05-02,leg,4851,23456,10,0,1,1,False,False,False,4,1,0
2023-05-02,leg,4851,23456,10,0,1,1,False,False,False,5,1,0
2023-05-02,leg,4851,23456,10,0,1,1,False,False,False,6,1,0
2023-05-02,leg,4851,23456,10,0,1,1,False,False,False,7,1,0
2023-05-02,leg,4851,23456,10,0,1,1,False,False,False,8,1,0
2023-05-02,leg,4851,23456,10,0,1,1,False,False,False,9,1,0
2023-05-02,leg,4851,23456,10,0,1,1,False,False,False,10,1,0
2023-05-02,leg,39120,328562,10,0,1,2,True,True,True,1,1,0
2023-05-02,leg,39120,328562,10,0,1,2,True,True,True,2,1,0
2023-05-02,leg,39120,328562,10,0,1,2,True,True,True,3,1,0
2023-05-02,leg,39120,328562,10,0,1,2,True,True,True,4,1,0
2023-05-02,leg,39120,328562,10,0,1,2,True,True,True,5,1,0
2023-05-02,leg,39120,328562,10,0,1,2,True,True,True,6,1,0
2023-05-02,leg,39120,328562,10,0,1,2,True,True,True,7,1,0
2023-05-02,leg,39120,328562,10,0,1,2,True,True,True,8,1,0
2023-05-02,leg,39120,328562,10,0,1,2,True,True,True,9,1,0
2023-05-02,leg,39120,328562,10,0,1,2,True,True,True,10,1,0
2023-05-02,leg,13335,267256,10,0,492,1,True,False,False,1,271,221
2023-05-02,leg,13335,267256,10,0,492,1,True,False,False,2,285,207
2023-05-02,leg,13335,267256,10,0,492,1,True,False,False,3,328,164
2023-05-02,leg,13335,267256,10,0,492,1,True,False,False,4,383,109
2023-05-02,leg,13335,267256,10,0,492,1,True,False,False,5,381,111
2023-05-02,leg,13335,267256,10,0,492,1,True,False,False,6,419,73
2023-05-02,leg,13335,267256,10,0,492,1,True,False,False,7,434,58
2023-05-02,leg,13335,267256,10,0,492,1,True,False,False,8,453,39
2023-05-02,leg,13335,267256,10,0,492,1,True,False,False,9,437,55
2023-05-02,leg,13335,267256,10,0,492,1,True,False,False,10,451,41
2023-05-02,leg,47957,271049,10,0,1,1,True,True,True,1,1,0
2023-05-02,leg,47957,271049,10,0,1,1,True,True,True,2,1,0
2023-05-02,leg,47957,271049,10,0,1,1,True,True,True,3,1,0
2023-05-02,leg,47957,271049,10,0,1,1,True,True,True,4,1,0
2023-05-02,leg,47957,271049,10,0,1,1,True,True,True,5,1,0
2023-05-02,leg,47957,271049,10,0,1,1,True,True,True,6,1,0
2023-05-02,leg,47957,271049,10,0,1,1,True,True,True,7,1,0
2023-05-02,leg,47957,271049,10,0,1,1,True,True,True,8,1,0
2023-05-02,leg,47957,271049,10,0,1,1,True,True,True,9,1,0
2023-05-02,leg,47957,271049,10,0,1,1,True,True,True,10,1,0
2023-05-02,leg,4764,23456,10,0,1,1,False,False,False,1,1,0
2023-05-02,leg,4764,23456,10,0,1,1,False,False,False,2,1,0
2023-05-02,leg,4764,23456,10,0,1,1,False,False,False,3,1,0
2023-05-02,leg,4764,23456,10,0,1,1,False,False,False,4,1,0
2023-05-02,leg,4764,23456,10,0,1,1,False,False,False,5,1,0
2023-05-02,leg,4764,23456,10,0,1,1,False,False,False,6,1,0
2023-05-02,leg,4764,23456,10,0,1,1,False,False,False,7,1,0
2023-05-02,leg,4764,23456,10,0,1,1,False,False,False,8,1,0
2023-05-02,leg,4764,23456,10,0,1,1,False,False,False,9,1,0
2023-05-02,leg,4764,23456,10,0,1,1,False,False,False,10,1,0
2023-05-02,leg,10022,23456,10,0,1,1,False,False,False,1,1,0
2023-05-02,leg,10022,23456,10,0,1,1,False,False,False,2,1,0
2023-05-02,leg,10022,23456,10,0,1,1,False,False,False,3,1,0
2023-05-02,leg,10022,23456,10,0,1,1,False,False,False,4,1,0
2023-05-02,leg,10022,23456,10,0,1,1,False,False,False,5,1,0
2023-05-02,leg,10022,23456,10,0,1,1,False,False,False,6,1,0
2023-05-02,leg,10022,23456,10,0,1,1,False,False,False,7,1,0
2023-05-02,leg,10022,23456,10,0,1,1,False,False,False,8,1,0
2023-05-02,leg,10022,23456,10,0,1,1,False,False,False,9,1,0
2023-05-02,leg,10022,23456,10,0,1,1,False,False,False,10,1,0
2023-05-02,leg,13335,264259,10,0,210,1,True,False,False,1,191,19
2023-05-02,leg,13335,264259,10,0,210,1,True,False,False,2,200,10
2023-05-02,leg,13335,264259,10,0,210,1,True,False,False,3,205,5
2023-05-02,leg,13335,264259,10,0,210,1,True,False,False,4,204,6
2023-05-02,leg,13335,264259,10,0,210,1,True,False,False,5,206,4
2023-05-02,leg,13335,264259,10,0,210,1,True,False,False,6,208,2
2023-05-02,leg,13335,264259,10,0,210,1,True,False,False,7,208,2
2023-05-02,leg,13335,264259,10,0,210,1,True,False,False,8,206,4
2023-05-02,leg,13335,264259,10,0,210,1,True,False,False,9,209,1
2023-05-02,leg,13335,264259,10,0,210,1,True,False,False,10,208,2
2023-05-02,leg,8038,204471,10,0,3,1,True,True,False,1,3,0
2023-05-02,leg,8038,204471,10,0,3,1,True,True,False,2,3,0
2023-05-02,leg,8038,204471,10,0,3,1,True,True,False,3,3,0
2023-05-02,leg,8038,204471,10,0,3,1,True,True,False,4,3,0
2023-05-02,leg,8038,204471,10,0,3,1,True,True,False,5,3,0
2023-05-02,leg,8038,204471,10,0,3,1,True,True,False,6,3,0
2023-05-02,leg,8038,204471,10,0,3,1,True,True,False,7,3,0
2023-05-02,leg,8038,204471,10,0,3,1,True,True,False,8,3,0
2023-05-02,leg,8038,204471,10,0,3,1,True,True,False,9,3,0
2023-05-02,leg,8038,204471,10,0,3,1,True,True,False,10,3,0
2023-05-02,leg,9002,141995,10,0,1,2,True,False,False,1,1,0
2023-05-02,leg,9002,141995,10,0,1,2,True,False,False,2,1,0
2023-05-02,leg,9002,141995,10,0,1,2,True,False,False,3,1,0
2023-05-02,leg,9002,141995,10,0,1,2,True,False,False,4,1,0
2023-05-02,leg,9002,141995,10,0,1,2,True,False,False,5,1,0
2023-05-02,leg,9002,141995,10,0,1,2,True,False,False,6,1,0
2023-05-02,leg,9002,141995,10,0,1,2,True,False,False,7,1,0
2023-05-02,leg,9002,141995,10,0,1,2,True,False,False,8,1,0
2023-05-02,leg,9002,141995,10,0,1,2,True,False,False,9,1,0
2023-05-02,leg,9002,141995,10,0,1,2,True,False,False,10,1,0
2023-05-02,leg,6057,263666,10,0,1,1,True,False,True,1,1,0
2023-05-02,leg,6057,263666,10,0,1,1,True,False,True,2,1,0
2023-05-02,leg,6057,263666,10,0,1,1,True,False,True,3,1,0
2023-05-02,leg,6057,263666,10,0,1,1,True,False,True,4,1,0
2023-05-02,leg,6057,263666,10,0,1,1,True,False,True,5,1,0
2023-05-02,leg,6057,263666,10,0,1,1,True,False,True,6,1,0
2023-05-02,leg,6057,263666,10,0,1,1,True,False,True,7,1,0
2023-05-02,leg,6057,263666,10,0,1,1,True,False,True,8,1,0
2023-05-02,leg,6057,263666,10,0,1,1,True,False,True,9,1,0
2023-05-02,leg,6057,263666,10,0,1,1,True,False,True,10,1,0
2023-05-02,leg,263903,266389,10,0,8,3,True,False,False,1,8,0
2023-05-02,leg,263903,266389,10,0,8,3,True,False,False,2,8,0
2023-05-02,leg,263903,266389,10,0,8,3,True,False,False,3,8,0
2023-05-02,leg,263903,266389,10,0,8,3,True,False,False,4,8,0
2023-05-02,leg,263903,266389,10,0,8,3,True,False,False,5,8,0
2023-05-02,leg,263903,266389,10,0,8,3,True,False,False,6,8,0
2023-05-02,leg,263903,266389,10,0,8,3,True,False,False,7,8,0
2023-05-02,leg,263903,266389,10,0,8,3,True,False,False,8,8,0
2023-05-02,leg,263903,266389,10,0,8,3,True,False,False,9,8,0
2023-05-02,leg,263903,266389,10,0,8,3,True,False,False,10,8,0
2023-05-02,leg,267613,395301,10,0,1,1,True,False,True,1,1,0
2023-05-02,leg,267613,395301,10,0,1,1,True,False,True,2,1,0
2023-05-02,leg,267613,395301,10,0,1,1,True,False,True,3,1,0
2023-05-02,leg,267613,395301,10,0,1,1,True,False,True,4,1,0
2023-05-02,leg,267613,395301,10,0,1,1,True,False,True,5,1,0
2023-05-02,leg,267613,395301,10,0,1,1,True,False,True,6,1,0
2023-05-02,leg,267613,395301,10,0,1,1,True,False,True,7,1,0
2023-05-02,leg,267613,395301,10,0,1,1,True,False,True,8,1,0
2023-05-02,leg,267613,395301,10,0,1,1,True,False,True,9,1,0
2023-05-02,leg,267613,395301,10,0,1,1,True,False,True,10,1,0
2023-05-02,leg,3204,205413,10,0,1,1,True,False,False,1,1,0
2023-05-02,leg,3204,205413,10,0,1,1,True,False,False,2,1,0
2023-05-02,leg,3204,205413,10,0,1,1,True,False,False,3,1,0
2023-05-02,leg,3204,205413,10,0,1,1,True,False,False,4,1,0
2023-05-02,leg,3204,205413,10,0,1,1,True,False,False,5,1,0
2023-05-02,leg,3204,205413,10,0,1,1,True,False,False,6,1,0
2023-05-02,leg,3204,205413,10,0,1,1,True,False,False,7,1,0
2023-05-02,leg,3204,205413,10,0,1,1,True,False,False,8,1,0
2023-05-02,leg,3204,205413,10,0,1,1,True,False,False,9,1,0
2023-05-02,leg,3204,205413,10,0,1,1,True,False,False,10,1,0
2023-05-02,leg,51048,61568,10,0,1,2,True,False,False,1,1,0
2023-05-02,leg,51048,61568,10,0,1,2,True,False,False,2,1,0
2023-05-02,leg,51048,61568,10,0,1,2,True,False,False,3,1,0
2023-05-02,leg,51048,61568,10,0,1,2,True,False,False,4,1,0
2023-05-02,leg,51048,61568,10,0,1,2,True,False,False,5,1,0
2023-05-02,leg,51048,61568,10,0,1,2,True,False,False,6,1,0
2023-05-02,leg,51048,61568,10,0,1,2,True,False,False,7,1,0
2023-05-02,leg,51048,61568,10,0,1,2,True,False,False,8,1,0
2023-05-02,leg,51048,61568,10,0,1,2,True,False,False,9,1,0
2023-05-02,leg,51048,61568,10,0,1,2,True,False,False,10,1,0
2023-05-02,leg,3842,54527,10,0,1,1,True,False,False,1,1,0
2023-05-02,leg,3842,54527,10,0,1,1,True,False,False,2,1,0
2023-05-02,leg,3842,54527,10,0,1,1,True,False,False,3,1,0
2023-05-02,leg,3842,54527,10,0,1,1,True,False,False,4,1,0
2023-05-02,leg,3842,54527,10,0,1,1,True,False,False,5,1,0
2023-05-02,leg,3842,54527,10,0,1,1,True,False,False,6,1,0
2023-05-02,leg,3842,54527,10,0,1,1,True,False,False,7,1,0
2023-05-02,leg,3842,54527,10,0,1,1,True,False,False,8,1,0
2023-05-02,leg,3842,54527,10,0,1,1,True,False,False,9,1,0
2023-05-02,leg,3842,54527,10,0,1,1,True,False,False,10,1,0
2023-05-02,leg,4648,9770,10,0,1,2,True,False,False,1,1,0
2023-05-02,leg,4648,9770,10,0,1,2,True,False,False,2,1,0
2023-05-02,leg,4648,9770,10,0,1,2,True,False,False,3,1,0
2023-05-02,leg,4648,9770,10,0,1,2,True,False,False,4,1,0
2023-05-02,leg,4648,9770,10,0,1,2,True,False,False,5,1,0
2023-05-02,leg,4648,9770,10,0,1,2,True,False,False,6,1,0
2023-05-02,leg,4648,9770,10,0,1,2,True,False,False,7,1,0
2023-05-02,leg,4648,9770,10,0,1,2,True,False,False,8,1,0
2023-05-02,leg,4648,9770,10,0,1,2,True,False,False,9,1,0
2023-05-02,leg,4648,9770,10,0,1,2,True,False,False,10,1,0
2023-05-02,leg,174,54574,10,0,157,"2,3,4",True,False,False,1,156,1
2023-05-02,leg,174,54574,10,0,157,"2,3,4",True,False,False,2,157,0
2023-05-02,leg,174,54574,10,0,157,"2,3,4",True,False,False,3,157,0
2023-05-02,leg,174,54574,10,0,157,"2,3,4",True,False,False,4,157,0
2023-05-02,leg,174,54574,10,0,157,"2,3,4",True,False,False,5,157,0
2023-05-02,leg,174,54574,10,0,157,"2,3,4",True,False,False,6,157,0
2023-05-02,leg,174,54574,10,0,157,"2,3,4",True,False,False,7,157,0
2023-05-02,leg,174,54574,10,0,157,"2,3,4",True,False,False,8,157,0
2023-05-02,leg,174,54574,10,0,157,"2,3,4",True,False,False,9,157,0
2023-05-02,leg,174,54574,10,0,157,"2,3,4",True,False,False,10,157,0
2023-05-02,leg,13335,269461,10,0,539,1,True,False,False,1,528,11
2023-05-02,leg,13335,269461,10,0,539,1,True,False,False,2,528,11
2023-05-02,leg,13335,269461,10,0,539,1,True,False,False,3,531,8
2023-05-02,leg,13335,269461,10,0,539,1,True,False,False,4,532,7
2023-05-02,leg,13335,269461,10,0,539,1,True,False,False,5,539,0
2023-05-02,leg,13335,269461,10,0,539,1,True,False,False,6,539,0
2023-05-02,leg,13335,269461,10,0,539,1,True,False,False,7,539,0
2023-05-02,leg,13335,269461,10,0,539,1,True,False,False,8,539,0
2023-05-02,leg,13335,269461,10,0,539,1,True,False,False,9,539,0
2023-05-02,leg,13335,269461,10,0,539,1,True,False,False,10,539,0
2023-05-02,leg,27281,54527,10,0,1,1,True,False,False,1,1,0
2023-05-02,leg,27281,54527,10,0,1,1,True,False,False,2,1,0
2023-05-02,leg,27281,54527,10,0,1,1,True,False,False,3,1,0
2023-05-02,leg,27281,54527,10,0,1,1,True,False,False,4,1,0
2023-05-02,leg,27281,54527,10,0,1,1,True,False,False,5,1,0
2023-05-02,leg,27281,54527,10,0,1,1,True,False,False,6,1,0
2023-05-02,leg,27281,54527,10,0,1,1,True,False,False,7,1,0
2023-05-02,leg,27281,54527,10,0,1,1,True,False,False,8,1,0
2023-05-02,leg,27281,54527,10,0,1,1,True,False,False,9,1,0
2023-05-02,leg,27281,54527,10,0,1,1,True,False,False,10,1,0
2023-05-02,leg,199176,208753,10,0,1,1,True,False,True,1,1,0
2023-05-02,leg,199176,208753,10,0,1,1,True,False,True,2,1,0
2023-05-02,leg,199176,208753,10,0,1,1,True,False,True,3,1,0
2023-05-02,leg,199176,208753,10,0,1,1,True,False,True,4,1,0
2023-05-02,leg,199176,208753,10,0,1,1,True,False,True,5,1,0
2023-05-02,leg,199176,208753,10,0,1,1,True,False,True,6,1,0
2023-05-02,leg,199176,208753,10,0,1,1,True,False,True,7,1,0
2023-05-02,leg,199176,208753,10,0,1,1,True,False,True,8,1,0
2023-05-02,leg,199176,208753,10,0,1,1,True,False,True,9,1,0
2023-05-02,leg,199176,208753,10,0,1,1,True,False,True,10,1,0
2023-05-02,leg,3549,19974,10,0,1,1,True,False,False,1,1,0
2023-05-02,leg,3549,19974,10,0,1,1,True,False,False,2,1,0
2023-05-02,leg,3549,19974,10,0,1,1,True,False,False,3,1,0
2023-05-02,leg,3549,19974,10,0,1,1,True,False,False,4,1,0
2023-05-02,leg,3549,19974,10,0,1,1,True,False,False,5,1,0
2023-05-02,leg,3549,19974,10,0,1,1,True,False,False,6,1,0
2023-05-02,leg,3549,19974,10,0,1,1,True,False,False,7,1,0
2023-05-02,leg,3549,19974,10,0,1,1,True,False,False,8,1,0
2023-05-02,leg,3549,19974,10,0,1,1,True,False,False,9,1,0
2023-05-02,leg,3549,19974,10,0,1,1,True,False,False,10,1,0
2023-05-02,leg,3549,11361,10,0,1,1,True,False,False,1,1,0
2023-05-02,leg,3549,11361,10,0,1,1,True,False,False,2,1,0
2023-05-02,leg,3549,11361,10,0,1,1,True,False,False,3,1,0
2023-05-02,leg,3549,11361,10,0,1,1,True,False,False,4,1,0
2023-05-02,leg,3549,11361,10,0,1,1,True,False,False,5,1,0
2023-05-02,leg,3549,11361,10,0,1,1,True,False,False,6,1,0
2023-05-02,leg,3549,11361,10,0,1,1,True,False,False,7,1,0
2023-05-02,leg,3549,11361,10,0,1,1,True,False,False,8,1,0
2023-05-02,leg,3549,11361,10,0,1,1,True,False,False,9,1,0
2023-05-02,leg,3549,11361,10,0,1,1,True,False,False,10,1,0
2023-05-02,leg,30330,33659,10,0,2,1,True,False,False,1,2,0
2023-05-02,leg,30330,33659,10,0,2,1,True,False,False,2,2,0
2023-05-02,leg,30330,33659,10,0,2,1,True,False,False,3,2,0
2023-05-02,leg,30330,33659,10,0,2,1,True,False,False,4,2,0
2023-05-02,leg,30330,33659,10,0,2,1,True,False,False,5,2,0
2023-05-02,leg,30330,33659,10,0,2,1,True,False,False,6,2,0
2023-05-02,leg,30330,33659,10,0,2,1,True,False,False,7,2,0
2023-05-02,leg,30330,33659,10,0,2,1,True,False,False,8,2,0
2023-05-02,leg,30330,33659,10,0,2,1,True,False,False,9,2,0
2023-05-02,leg,30330,33659,10,0,2,1,True,False,False,10,2,0
2023-05-02,leg,9009,52025,10,0,1,1,True,False,False,1,1,0
2023-05-02,leg,9009,52025,10,0,1,1,True,False,False,2,1,0
2023-05-02,leg,9009,52025,10,0,1,1,True,False,False,3,1,0
2023-05-02,leg,9009,52025,10,0,1,1,True,False,False,4,1,0
2023-05-02,leg,9009,52025,10,0,1,1,True,False,False,5,1,0
2023-05-02,leg,9009,52025,10,0,1,1,True,False,False,6,1,0
2023-05-02,leg,9009,52025,10,0,1,1,True,False,False,7,1,0
2023-05-02,leg,9009,52025,10,0,1,1,True,False,False,8,1,0
2023-05-02,leg,9009,52025,10,0,1,1,True,False,False,9,1,0
2023-05-02,leg,9009,52025,10,0,1,1,True,False,False,10,1,0
2023-05-02,leg,3549,397845,10,0,1,1,True,False,False,1,1,0
2023-05-02,leg,3549,397845,10,0,1,1,True,False,False,2,1,0
2023-05-02,leg,3549,397845,10,0,1,1,True,False,False,3,1,0
2023-05-02,leg,3549,397845,10,0,1,1,True,False,False,4,1,0
2023-05-02,leg,3549,397845,10,0,1,1,True,False,False,5,1,0
2023-05-02,leg,3549,397845,10,0,1,1,True,False,False,6,1,0
2023-05-02,leg,3549,397845,10,0,1,1,True,False,False,7,1,0
2023-05-02,leg,3549,397845,10,0,1,1,True,False,False,8,1,0
2023-05-02,leg,3549,397845,10,0,1,1,True,False,False,9,1,0
2023-05-02,leg,3549,397845,10,0,1,1,True,False,False,10,1,0
2023-05-02,leg,37055,39120,10,0,1,1,True,True,True,1,1,0
2023-05-02,leg,37055,39120,10,0,1,1,True,True,True,2,1,0
2023-05-02,leg,37055,39120,10,0,1,1,True,True,True,3,1,0
2023-05-02,leg,37055,39120,10,0,1,1,True,True,True,4,1,0
2023-05-02,leg,37055,39120,10,0,1,1,True,True,True,5,1,0
2023-05-02,leg,37055,39120,10,0,1,1,True,True,True,6,1,0
2023-05-02,leg,37055,39120,10,0,1,1,True,True,True,7,1,0
2023-05-02,leg,37055,39120,10,0,1,1,True,True,True,8,1,0
2023-05-02,leg,37055,39120,10,0,1,1,True,True,True,9,1,0
2023-05-02,leg,37055,39120,10,0,1,1,True,True,True,10,1,0
2023-05-02,leg,149295,149876,10,0,115,1,True,False,False,1,115,0
2023-05-02,leg,149295,149876,10,0,115,1,True,False,False,2,115,0
2023-05-02,leg,149295,149876,10,0,115,1,True,False,False,3,115,0
2023-05-02,leg,149295,149876,10,0,115,1,True,False,False,4,115,0
2023-05-02,leg,149295,149876,10,0,115,1,True,False,False,5,115,0
2023-05-02,leg,149295,149876,10,0,115,1,True,False,False,6,115,0
2023-05-02,leg,149295,149876,10,0,115,1,True,False,False,7,115,0
2023-05-02,leg,149295,149876,10,0,115,1,True,False,False,8,115,0
2023-05-02,leg,149295,149876,10,0,115,1,True,False,False,9,115,0
2023-05-02,leg,149295,149876,10,0,115,1,True,False,False,10,115,0
2023-05-02,leg,1836,3330,10,0,1,1,True,False,False,1,1,0
2023-05-02,leg,1836,3330,10,0,1,1,True,False,False,2,1,0
2023-05-02,leg,1836,3330,10,0,1,1,True,False,False,3,1,0
2023-05-02,leg,1836,3330,10,0,1,1,True,False,False,4,1,0
2023-05-02,leg,1836,3330,10,0,1,1,True,False,False,5,1,0
2023-05-02,leg,1836,3330,10,0,1,1,True,False,False,6,1,0
2023-05-02,leg,1836,3330,10,0,1,1,True,False,False,7,1,0
2023-05-02,leg,1836,3330,10,0,1,1,True,False,False,8,1,0
2023-05-02,leg,1836,3330,10,0,1,1,True,False,False,9,1,0
2023-05-02,leg,1836,3330,10,0,1,1,True,False,False,10,1,0
2023-05-02,leg,13335,269469,10,0,238,1,True,False,False,1,233,5
2023-05-02,leg,13335,269469,10,0,238,1,True,False,False,2,235,3
2023-05-02,leg,13335,269469,10,0,238,1,True,False,False,3,235,3
2023-05-02,leg,13335,269469,10,0,238,1,True,False,False,4,236,2
2023-05-02,leg,13335,269469,10,0,238,1,True,False,False,5,236,2
2023-05-02,leg,13335,269469,10,0,238,1,True,False,False,6,237,1
2023-05-02,leg,13335,269469,10,0,238,1,True,False,False,7,237,1
2023-05-02,leg,13335,269469,10,0,238,1,True,False,False,8,237,1
2023-05-02,leg,13335,269469,10,0,238,1,True,False,False,9,237,1
2023-05-02,leg,13335,269469,10,0,238,1,True,False,False,10,237,1
2023-05-02,leg,13335,269581,10,0,524,1,True,False,False,1,487,37
2023-05-02,leg,13335,269581,10,0,524,1,True,False,False,2,512,12
2023-05-02,leg,13335,269581,10,0,524,1,True,False,False,3,513,11
2023-05-02,leg,13335,269581,10,0,524,1,True,False,False,4,515,9
2023-05-02,leg,13335,269581,10,0,524,1,True,False,False,5,518,6
2023-05-02,leg,13335,269581,10,0,524,1,True,False,False,6,523,1
2023-05-02,leg,13335,269581,10,0,524,1,True,False,False,7,522,2
2023-05-02,leg,13335,269581,10,0,524,1,True,False,False,8,523,1
2023-05-02,leg,13335,269581,10,0,524,1,True,False,False,9,517,7
2023-05-02,leg,13335,269581,10,0,524,1,True,False,False,10,523,1
2023-05-02,leg,132116,135784,10,0,1,2,True,False,False,1,1,0
2023-05-02,leg,132116,135784,10,0,1,2,True,False,False,2,1,0
2023-05-02,leg,132116,135784,10,0,1,2,True,False,False,3,1,0
2023-05-02,leg,132116,135784,10,0,1,2,True,False,False,4,1,0
2023-05-02,leg,132116,135784,10,0,1,2,True,False,False,5,1,0
2023-05-02,leg,132116,135784,10,0,1,2,True,False,False,6,1,0
2023-05-02,leg,132116,135784,10,0,1,2,True,False,False,7,1,0
2023-05-02,leg,132116,135784,10,0,1,2,True,False,False,8,1,0
2023-05-02,leg,132116,135784,10,0,1,2,True,False,False,9,1,0
2023-05-02,leg,132116,135784,10,0,1,2,True,False,False,10,1,0
2023-05-02,leg,56662,198942,10,0,1,1,True,True,True,1,1,0
2023-05-02,leg,56662,198942,10,0,1,1,True,True,True,2,1,0
2023-05-02,leg,56662,198942,10,0,1,1,True,True,True,3,1,0
2023-05-02,leg,56662,198942,10,0,1,1,True,True,True,4,1,0
2023-05-02,leg,56662,198942,10,0,1,1,True,True,True,5,1,0
2023-05-02,leg,56662,198942,10,0,1,1,True,True,True,6,1,0
2023-05-02,leg,56662,198942,10,0,1,1,True,True,True,7,1,0
2023-05-02,leg,56662,198942,10,0,1,1,True,True,True,8,1,0
2023-05-02,leg,56662,198942,10,0,1,1,True,True,True,9,1,0
2023-05-02,leg,56662,198942,10,0,1,1,True,True,True,10,1,0
2023-05-02,leg,39120,328510,10,0,1,1,True,True,True,1,1,0
2023-05-02,leg,39120,328510,10,0,1,1,True,True,True,2,1,0
2023-05-02,leg,39120,328510,10,0,1,1,True,True,True,3,1,0
2023-05-02,leg,39120,328510,10,0,1,1,True,True,True,4,1,0
2023-05-02,leg,39120,328510,10,0,1,1,True,True,True,5,1,0
2023-05-02,leg,39120,328510,10,0,1,1,True,True,True,6,1,0
2023-05-02,leg,39120,328510,10,0,1,1,True,True,True,7,1,0
2023-05-02,leg,39120,328510,10,0,1,1,True,True,True,8,1,0
2023-05-02,leg,39120,328510,10,0,1,1,True,True,True,9,1,0
2023-05-02,leg,39120,328510,10,0,1,1,True,True,True,10,1,0
2023-05-02,leg,45667,58952,10,0,1,10,True,False,False,1,1,0
2023-05-02,leg,45667,58952,10,0,1,10,True,False,False,2,1,0
2023-05-02,leg,45667,58952,10,0,1,10,True,False,False,3,1,0
2023-05-02,leg,45667,58952,10,0,1,10,True,False,False,4,1,0
2023-05-02,leg,45667,58952,10,0,1,10,True,False,False,5,1,0
2023-05-02,leg,45667,58952,10,0,1,10,True,False,False,6,1,0
2023-05-02,leg,45667,58952,10,0,1,10,True,False,False,7,1,0
2023-05-02,leg,45667,58952,10,0,1,10,True,False,False,8,1,0
2023-05-02,leg,45667,58952,10,0,1,10,True,False,False,9,1,0
2023-05-02,leg,45667,58952,10,0,1,10,True,False,False,10,1,0
2023-05-02,leg,1916,267503,10,0,2,1,True,False,False,1,2,0
2023-05-02,leg,1916,267503,10,0,2,1,True,False,False,2,2,0
2023-05-02,leg,1916,267503,10,0,2,1,True,False,False,3,2,0
2023-05-02,leg,1916,267503,10,0,2,1,True,False,False,4,2,0
2023-05-02,leg,1916,267503,10,0,2,1,True,False,False,5,2,0
2023-05-02,leg,1916,267503,10,0,2,1,True,False,False,6,2,0
2023-05-02,leg,1916,267503,10,0,2,1,True,False,False,7,2,0
2023-05-02,leg,1916,267503,10,0,2,1,True,False,False,8,2,0
2023-05-02,leg,1916,267503,10,0,2,1,True,False,False,9,2,0
2023-05-02,leg,1916,267503,10,0,2,1,True,False,False,10,2,0
2023-05-02,leg,133296,199404,10,0,9,1,True,True,False,1,9,0
2023-05-02,leg,133296,199404,10,0,9,1,True,True,False,2,9,0
2023-05-02,leg,133296,199404,10,0,9,1,True,True,False,3,9,0
2023-05-02,leg,133296,199404,10,0,9,1,True,True,False,4,9,0
2023-05-02,leg,133296,199404,10,0,9,1,True,True,False,5,9,0
2023-05-02,leg,133296,199404,10,0,9,1,True,True,False,6,6,3
2023-05-02,leg,133296,199404,10,0,9,1,True,True,False,7,8,1
2023-05-02,leg,133296,199404,10,0,9,1,True,True,False,8,5,4
2023-05-02,leg,133296,199404,10,0,9,1,True,True,False,9,9,0
2023-05-02,leg,133296,199404,10,0,9,1,True,True,False,10,5,4
2023-05-02,leg,6057,53047,10,0,5,"1,2",True,False,True,1,5,0
2023-05-02,leg,6057,53047,10,0,5,"1,2",True,False,True,2,5,0
2023-05-02,leg,6057,53047,10,0,5,"1,2",True,False,True,3,5,0
2023-05-02,leg,6057,53047,10,0,5,"1,2",True,False,True,4,5,0
2023-05-02,leg,6057,53047,10,0,5,"1,2",True,False,True,5,5,0
2023-05-02,leg,6057,53047,10,0,5,"1,2",True,False,True,6,5,0
2023-05-02,leg,6057,53047,10,0,5,"1,2",True,False,True,7,5,0
2023-05-02,leg,6057,53047,10,0,5,"1,2",True,False,True,8,5,0
2023-05-02,leg,6057,53047,10,0,5,"1,2",True,False,True,9,5,0
2023-05-02,leg,6057,53047,10,0,5,"1,2",True,False,True,10,5,0
2023-05-02,leg,51088,58453,10,0,1,1,True,True,True,1,1,0
2023-05-02,leg,51088,58453,10,0,1,1,True,True,True,2,1,0
2023-05-02,leg,51088,58453,10,0,1,1,True,True,True,3,1,0
2023-05-02,leg,51088,58453,10,0,1,1,True,True,True,4,1,0
2023-05-02,leg,51088,58453,10,0,1,1,True,True,True,5,1,0
2023-05-02,leg,51088,58453,10,0,1,1,True,True,True,6,1,0
2023-05-02,leg,51088,58453,10,0,1,1,True,True,True,7,1,0
2023-05-02,leg,51088,58453,10,0,1,1,True,True,True,8,1,0
2023-05-02,leg,51088,58453,10,0,1,1,True,True,True,9,1,0
2023-05-02,leg,51088,58453,10,0,1,1,True,True,True,10,1,0
2023-05-02,leg,8305,35177,10,0,336,1,True,False,False,1,336,0
2023-05-02,leg,8305,35177,10,0,336,1,True,False,False,2,336,0
2023-05-02,leg,8305,35177,10,0,336,1,True,False,False,3,336,0
2023-05-02,leg,8305,35177,10,0,336,1,True,False,False,4,336,0
2023-05-02,leg,8305,35177,10,0,336,1,True,False,False,5,336,0
2023-05-02,leg,8305,35177,10,0,336,1,True,False,False,6,336,0
2023-05-02,leg,8305,35177,10,0,336,1,True,False,False,7,336,0
2023-05-02,leg,8305,35177,10,0,336,1,True,False,False,8,336,0
2023-05-02,leg,8305,35177,10,0,336,1,True,False,False,9,336,0
2023-05-02,leg,8305,35177,10,0,336,1,True,False,False,10,336,0
2023-05-02,leg,23456,45437,10,0,1,1,False,False,False,1,1,0
2023-05-02,leg,23456,45437,10,0,1,1,False,False,False,2,1,0
2023-05-02,leg,23456,45437,10,0,1,1,False,False,False,3,1,0
2023-05-02,leg,23456,45437,10,0,1,1,False,False,False,4,1,0
2023-05-02,leg,23456,45437,10,0,1,1,False,False,False,5,1,0
2023-05-02,leg,23456,45437,10,0,1,1,False,False,False,6,1,0
2023-05-02,leg,23456,45437,10,0,1,1,False,False,False,7,1,0
2023-05-02,leg,23456,45437,10,0,1,1,False,False,False,8,1,0
2023-05-02,leg,23456,45437,10,0,1,1,False,False,False,9,1,0
2023-05-02,leg,23456,45437,10,0,1,1,False,False,False,10,1,0
2023-05-02,leg,3285,9304,10,0,6,1,True,False,False,1,6,0
2023-05-02,leg,3285,9304,10,0,6,1,True,False,False,2,6,0
2023-05-02,leg,3285,9304,10,0,6,1,True,False,False,3,6,0
2023-05-02,leg,3285,9304,10,0,6,1,True,False,False,4,6,0
2023-05-02,leg,3285,9304,10,0,6,1,True,False,False,5,6,0
2023-05-02,leg,3285,9304,10,0,6,1,True,False,False,6,6,0
2023-05-02,leg,3285,9304,10,0,6,1,True,False,False,7,6,0
2023-05-02,leg,3285,9304,10,0,6,1,True,False,False,8,6,0
2023-05-02,leg,3285,9304,10,0,6,1,True,False,False,9,6,0
2023-05-02,leg,3285,9304,10,0,6,1,True,False,False,10,6,0
2023-05-02,leg,58453,137236,10,0,1,1,True,False,False,1,1,0
2023-05-02,leg,58453,137236,10,0,1,1,True,False,False,2,1,0
2023-05-02,leg,58453,137236,10,0,1,1,True,False,False,3,1,0
2023-05-02,leg,58453,137236,10,0,1,1,True,False,False,4,1,0
2023-05-02,leg,58453,137236,10,0,1,1,True,False,False,5,1,0
2023-05-02,leg,58453,137236,10,0,1,1,True,False,False,6,1,0
2023-05-02,leg,58453,137236,10,0,1,1,True,False,False,7,1,0
2023-05-02,leg,58453,137236,10,0,1,1,True,False,False,8,1,0
2023-05-02,leg,58453,137236,10,0,1,1,True,False,False,9,1,0
2023-05-02,leg,58453,137236,10,0,1,1,True,False,False,10,1,0
2023-05-02,leg,9198,35048,10,0,1,1,True,False,False,1,1,0
2023-05-02,leg,9198,35048,10,0,1,1,True,False,False,2,1,0
2023-05-02,leg,9198,35048,10,0,1,1,True,False,False,3,1,0
2023-05-02,leg,9198,35048,10,0,1,1,True,False,False,4,1,0
2023-05-02,leg,9198,35048,10,0,1,1,True,False,False,5,1,0
2023-05-02,leg,9198,35048,10,0,1,1,True,False,False,6,1,0
2023-05-02,leg,9198,35048,10,0,1,1,True,False,False,7,1,0
2023-05-02,leg,9198,35048,10,0,1,1,True,False,False,8,1,0
2023-05-02,leg,9198,35048,10,0,1,1,True,False,False,9,1,0
2023-05-02,leg,9198,35048,10,0,1,1,True,False,False,10,1,0
2023-05-02,leg,58765,134250,10,0,121,1,True,False,False,1,121,0
2023-05-02,leg,58765,134250,10,0,121,1,True,False,False,2,121,0
2023-05-02,leg,58765,134250,10,0,121,1,True,False,False,3,121,0
2023-05-02,leg,58765,134250,10,0,121,1,True,False,False,4,121,0
2023-05-02,leg,58765,134250,10,0,121,1,True,False,False,5,121,0
2023-05-02,leg,58765,134250,10,0,121,1,True,False,False,6,121,0
2023-05-02,leg,58765,134250,10,0,121,1,True,False,False,7,121,0
2023-05-02,leg,58765,134250,10,0,121,1,True,False,False,8,121,0
2023-05-02,leg,58765,134250,10,0,121,1,True,False,False,9,121,0
2023-05-02,leg,58765,134250,10,0,121,1,True,False,False,10,121,0
2023-05-02,leg,20932,271049,10,0,1,1,True,True,True,1,1,0
2023-05-02,leg,20932,271049,10,0,1,1,True,True,True,2,1,0
2023-05-02,leg,20932,271049,10,0,1,1,True,True,True,3,1,0
2023-05-02,leg,20932,271049,10,0,1,1,True,True,True,4,1,0
2023-05-02,leg,20932,271049,10,0,1,1,True,True,True,5,1,0
2023-05-02,leg,20932,271049,10,0,1,1,True,True,True,6,1,0
2023-05-02,leg,20932,271049,10,0,1,1,True,True,True,7,1,0
2023-05-02,leg,20932,271049,10,0,1,1,True,True,True,8,1,0
2023-05-02,leg,20932,271049,10,0,1,1,True,True,True,9,1,0
2023-05-02,leg,20932,271049,10,0,1,1,True,True,True,10,1,0
2023-05-02,leg,13335,266017,10,0,227,1,True,False,False,1,224,3
2023-05-02,leg,13335,266017,10,0,227,1,True,False,False,2,225,2
2023-05-02,leg,13335,266017,10,0,227,1,True,False,False,3,225,2
2023-05-02,leg,13335,266017,10,0,227,1,True,False,False,4,226,1
2023-05-02,leg,13335,266017,10,0,227,1,True,False,False,5,226,1
2023-05-02,leg,13335,266017,10,0,227,1,True,False,False,6,227,0
2023-05-02,leg,13335,266017,10,0,227,1,True,False,False,7,227,0
2023-05-02,leg,13335,266017,10,0,227,1,True,False,False,8,227,0
2023-05-02,leg,13335,266017,10,0,227,1,True,False,False,9,227,0
2023-05-02,leg,13335,266017,10,0,227,1,True,False,False,10,227,0
2023-05-02,leg,983,45489,10,0,2,"1,2",True,False,True,1,2,0
2023-05-02,leg,983,45489,10,0,2,"1,2",True,False,True,2,2,0
2023-05-02,leg,983,45489,10,0,2,"1,2",True,False,True,3,2,0
2023-05-02,leg,983,45489,10,0,2,"1,2",True,False,True,4,2,0
2023-05-02,leg,983,45489,10,0,2,"1,2",True,False,True,5,2,0
2023-05-02,leg,983,45489,10,0,2,"1,2",True,False,True,6,2,0
2023-05-02,leg,983,45489,10,0,2,"1,2",True,False,True,7,2,0
2023-05-02,leg,983,45489,10,0,2,"1,2",True,False,True,8,2,0
2023-05-02,leg,983,45489,10,0,2,"1,2",True,False,True,9,2,0
2023-05-02,leg,983,45489,10,0,2,"1,2",True,False,True,10,2,0
2023-05-02,leg,30943,63258,10,0,106,2,True,False,False,1,106,0
2023-05-02,leg,30943,63258,10,0,106,2,True,False,False,2,106,0
2023-05-02,leg,30943,63258,10,0,106,2,True,False,False,3,106,0
2023-05-02,leg,30943,63258,10,0,106,2,True,False,False,4,106,0
2023-05-02,leg,30943,63258,10,0,106,2,True,False,False,5,106,0
2023-05-02,leg,30943,63258,10,0,106,2,True,False,False,6,106,0
2023-05-02,leg,30943,63258,10,0,106,2,True,False,False,7,106,0
2023-05-02,leg,30943,63258,10,0,106,2,True,False,False,8,106,0
2023-05-02,leg,30943,63258,10,0,106,2,True,False,False,9,106,0
2023-05-02,leg,30943,63258,10,0,106,2,True,False,False,10,106,0
2023-05-02,leg,37028,39120,10,0,1,1,True,True,True,1,1,0
2023-05-02,leg,37028,39120,10,0,1,1,True,True,True,2,1,0
2023-05-02,leg,37028,39120,10,0,1,1,True,True,True,3,1,0
2023-05-02,leg,37028,39120,10,0,1,1,True,True,True,4,1,0
2023-05-02,leg,37028,39120,10,0,1,1,True,True,True,5,1,0
2023-05-02,leg,37028,39120,10,0,1,1,True,True,True,6,1,0
2023-05-02,leg,37028,39120,10,0,1,1,True,True,True,7,1,0
2023-05-02,leg,37028,39120,10,0,1,1,True,True,True,8,1,0
2023-05-02,leg,37028,39120,10,0,1,1,True,True,True,9,1,0
2023-05-02,leg,37028,39120,10,0,1,1,True,True,True,10,1,0
2023-05-02,leg,202316,207734,10,0,54,1,True,False,False,1,54,0
2023-05-02,leg,202316,207734,10,0,54,1,True,False,False,2,54,0
2023-05-02,leg,202316,207734,10,0,54,1,True,False,False,3,54,0
2023-05-02,leg,202316,207734,10,0,54,1,True,False,False,4,54,0
2023-05-02,leg,202316,207734,10,0,54,1,True,False,False,5,54,0
2023-05-02,leg,202316,207734,10,0,54,1,True,False,False,6,54,0
2023-05-02,leg,202316,207734,10,0,54,1,True,False,False,7,54,0
2023-05-02,leg,202316,207734,10,0,54,1,True,False,False,8,54,0
2023-05-02,leg,202316,207734,10,0,54,1,True,False,False,9,54,0
2023-05-02,leg,202316,207734,10,0,54,1,True,False,False,10,54,0
2023-05-02,leg,3472,27137,10,0,280,1,True,True,False,1,265,15
2023-05-02,leg,3472,27137,10,0,280,1,True,True,False,2,279,1
2023-05-02,leg,3472,27137,10,0,280,1,True,True,False,3,280,0
2023-05-02,leg,3472,27137,10,0,280,1,True,True,False,4,142,138
2023-05-02,leg,3472,27137,10,0,280,1,True,True,False,5,280,0
2023-05-02,leg,3472,27137,10,0,280,1,True,True,False,6,249,31
2023-05-02,leg,3472,27137,10,0,280,1,True,True,False,7,280,0
2023-05-02,leg,3472,27137,10,0,280,1,True,True,False,8,280,0
2023-05-02,leg,3472,27137,10,0,280,1,True,True,False,9,266,14
2023-05-02,leg,3472,27137,10,0,280,1,True,True,False,10,280,0
2023-05-02,leg,4764,142111,10,0,1,1,False,False,False,1,1,0
2023-05-02,leg,4764,142111,10,0,1,1,False,False,False,2,1,0
2023-05-02,leg,4764,142111,10,0,1,1,False,False,False,3,1,0
2023-05-02,leg,4764,142111,10,0,1,1,False,False,False,4,1,0
2023-05-02,leg,4764,142111,10,0,1,1,False,False,False,5,1,0
2023-05-02,leg,4764,142111,10,0,1,1,False,False,False,6,1,0
2023-05-02,leg,4764,142111,10,0,1,1,False,False,False,7,1,0
2023-05-02,leg,4764,142111,10,0,1,1,False,False,False,8,1,0
2023-05-02,leg,4764,142111,10,0,1,1,False,False,False,9,1,0
2023-05-02,leg,4764,142111,10,0,1,1,False,False,False,10,1,0
2023-05-02,leg,51185,270794,10,0,1,1,True,True,True,1,1,0
2023-05-02,leg,51185,270794,10,0,1,1,True,True,True,2,1,0
2023-05-02,leg,51185,270794,10,0,1,1,True,True,True,3,1,0
2023-05-02,leg,51185,270794,10,0,1,1,True,True,True,4,1,0
2023-05-02,leg,51185,270794,10,0,1,1,True,True,True,5,1,0
2023-05-02,leg,51185,270794,10,0,1,1,True,True,True,6,1,0
2023-05-02,leg,51185,270794,10,0,1,1,True,True,True,7,1,0
2023-05-02,leg,51185,270794,10,0,1,1,True,True,True,8,1,0
2023-05-02,leg,51185,270794,10,0,1,1,True,True,True,9,1,0
2023-05-02,leg,51185,270794,10,0,1,1,True,True,True,10,1,0
2023-05-02,leg,30058,328474,10,0,1,1,True,True,True,1,1,0
2023-05-02,leg,30058,328474,10,0,1,1,True,True,True,2,1,0
2023-05-02,leg,30058,328474,10,0,1,1,True,True,True,3,1,0
2023-05-02,leg,30058,328474,10,0,1,1,True,True,True,4,1,0
2023-05-02,leg,30058,328474,10,0,1,1,True,True,True,5,1,0
2023-05-02,leg,30058,328474,10,0,1,1,True,True,True,6,1,0
2023-05-02,leg,30058,328474,10,0,1,1,True,True,True,7,1,0
2023-05-02,leg,30058,328474,10,0,1,1,True,True,True,8,1,0
2023-05-02,leg,30058,328474,10,0,1,1,True,True,True,9,1,0
2023-05-02,leg,30058,328474,10,0,1,1,True,True,True,10,1,0
2023-05-02,leg,20562,52025,10,0,1,1,True,False,False,1,1,0
2023-05-02,leg,20562,52025,10,0,1,1,True,False,False,2,1,0
2023-05-02,leg,20562,52025,10,0,1,1,True,False,False,3,1,0
2023-05-02,leg,20562,52025,10,0,1,1,True,False,False,4,1,0
2023-05-02,leg,20562,52025,10,0,1,1,True,False,False,5,1,0
2023-05-02,leg,20562,52025,10,0,1,1,True,False,False,6,1,0
2023-05-02,leg,20562,52025,10,0,1,1,True,False,False,7,1,0
2023-05-02,leg,20562,52025,10,0,1,1,True,False,False,8,1,0
2023-05-02,leg,20562,52025,10,0,1,1,True,False,False,9,1,0
2023-05-02,leg,20562,52025,10,0,1,1,True,False,False,10,1,0
2023-05-02,leg,20473,20694,10,0,1,1,True,False,False,1,1,0
2023-05-02,leg,20473,20694,10,0,1,1,True,False,False,2,1,0
2023-05-02,leg,20473,20694,10,0,1,1,True,False,False,3,1,0
2023-05-02,leg,20473,20694,10,0,1,1,True,False,False,4,1,0
2023-05-02,leg,20473,20694,10,0,1,1,True,False,False,5,1,0
2023-05-02,leg,20473,20694,10,0,1,1,True,False,False,6,1,0
2023-05-02,leg,20473,20694,10,0,1,1,True,False,False,7,1,0
2023-05-02,leg,20473,20694,10,0,1,1,True,False,False,8,1,0
2023-05-02,leg,20473,20694,10,0,1,1,True,False,False,9,1,0
2023-05-02,leg,20473,20694,10,0,1,1,True,False,False,10,1,0
2023-05-02,leg,8359,397005,10,0,1,1,True,False,False,1,1,0
2023-05-02,leg,8359,397005,10,0,1,1,True,False,False,2,1,0
2023-05-02,leg,8359,397005,10,0,1,1,True,False,False,3,1,0
2023-05-02,leg,8359,397005,10,0,1,1,True,False,False,4,1,0
2023-05-02,leg,8359,397005,10,0,1,1,True,False,False,5,1,0
2023-05-02,leg,8359,397005,10,0,1,1,True,False,False,6,1,0
2023-05-02,leg,8359,397005,10,0,1,1,True,False,False,7,1,0
2023-05-02,leg,8359,397005,10,0,1,1,True,False,False,8,1,0
2023-05-02,leg,8359,397005,10,0,1,1,True,False,False,9,1,0
2023-05-02,leg,8359,397005,10,0,1,1,True,False,False,10,1,0
2023-05-02,leg,4764,17494,10,0,1,6,True,False,False,1,1,0
2023-05-02,leg,4764,17494,10,0,1,6,True,False,False,2,1,0
2023-05-02,leg,4764,17494,10,0,1,6,True,False,False,3,1,0
2023-05-02,leg,4764,17494,10,0,1,6,True,False,False,4,1,0
2023-05-02,leg,4764,17494,10,0,1,6,True,False,False,5,1,0
2023-05-02,leg,4764,17494,10,0,1,6,True,False,False,6,1,0
2023-05-02,leg,4764,17494,10,0,1,6,True,False,False,7,1,0
2023-05-02,leg,4764,17494,10,0,1,6,True,False,False,8,1,0
2023-05-02,leg,4764,17494,10,0,1,6,True,False,False,9,1,0
2023-05-02,leg,4764,17494,10,0,1,6,True,False,False,10,1,0
2023-05-02,leg,577,8928,10,0,1,3,True,False,False,1,1,0
2023-05-02,leg,577,8928,10,0,1,3,True,False,False,2,1,0
2023-05-02,leg,577,8928,10,0,1,3,True,False,False,3,1,0
2023-05-02,leg,577,8928,10,0,1,3,True,False,False,4,1,0
2023-05-02,leg,577,8928,10,0,1,3,True,False,False,5,1,0
2023-05-02,leg,577,8928,10,0,1,3,True,False,False,6,1,0
2023-05-02,leg,577,8928,10,0,1,3,True,False,False,7,1,0
2023-05-02,leg,577,8928,10,0,1,3,True,False,False,8,1,0
2023-05-02,leg,577,8928,10,0,1,3,True,False,False,9,1,0
2023-05-02,leg,577,8928,10,0,1,3,True,False,False,10,1,0
2023-05-02,leg,17766,23456,10,0,1,1,False,False,False,1,1,0
2023-05-02,leg,17766,23456,10,0,1,1,False,False,False,2,1,0
2023-05-02,leg,17766,23456,10,0,1,1,False,False,False,3,1,0
2023-05-02,leg,17766,23456,10,0,1,1,False,False,False,4,1,0
2023-05-02,leg,17766,23456,10,0,1,1,False,False,False,5,1,0
2023-05-02,leg,17766,23456,10,0,1,1,False,False,False,6,1,0
2023-05-02,leg,17766,23456,10,0,1,1,False,False,False,7,1,0
2023-05-02,leg,17766,23456,10,0,1,1,False,False,False,8,1,0
2023-05-02,leg,17766,23456,10,0,1,1,False,False,False,9,1,0
2023-05-02,leg,17766,23456,10,0,1,1,False,False,False,10,1,0
2023-05-02,leg,20119,21738,10,0,1,1,True,False,False,1,1,0
2023-05-02,leg,20119,21738,10,0,1,1,True,False,False,2,1,0
2023-05-02,leg,20119,21738,10,0,1,1,True,False,False,3,1,0
2023-05-02,leg,20119,21738,10,0,1,1,True,False,False,4,1,0
2023-05-02,leg,20119,21738,10,0,1,1,True,False,False,5,1,0
2023-05-02,leg,20119,21738,10,0,1,1,True,False,False,6,1,0
2023-05-02,leg,20119,21738,10,0,1,1,True,False,False,7,1,0
2023-05-02,leg,20119,21738,10,0,1,1,True,False,False,8,1,0
2023-05-02,leg,20119,21738,10,0,1,1,True,False,False,9,1,0
2023-05-02,leg,20119,21738,10,0,1,1,True,False,False,10,1,0
2023-05-02,leg,13335,266002,10,0,507,1,True,False,False,1,456,51
2023-05-02,leg,13335,266002,10,0,507,1,True,False,False,2,482,25
2023-05-02,leg,13335,266002,10,0,507,1,True,False,False,3,492,15
2023-05-02,leg,13335,266002,10,0,507,1,True,False,False,4,491,16
2023-05-02,leg,13335,266002,10,0,507,1,True,False,False,5,491,16
2023-05-02,leg,13335,266002,10,0,507,1,True,False,False,6,491,16
2023-05-02,leg,13335,266002,10,0,507,1,True,False,False,7,493,14
2023-05-02,leg,13335,266002,10,0,507,1,True,False,False,8,493,14
2023-05-02,leg,13335,266002,10,0,507,1,True,False,False,9,496,11
2023-05-02,leg,13335,266002,10,0,507,1,True,False,False,10,495,12
2023-05-02,leg,52973,271049,10,0,210,1,True,False,False,1,196,14
2023-05-02,leg,52973,271049,10,0,210,1,True,False,False,2,210,0
2023-05-02,leg,52973,271049,10,0,210,1,True,False,False,3,210,0
2023-05-02,leg,52973,271049,10,0,210,1,True,False,False,4,210,0
2023-05-02,leg,52973,271049,10,0,210,1,True,False,False,5,210,0
2023-05-02,leg,52973,271049,10,0,210,1,True,False,False,6,210,0
2023-05-02,leg,52973,271049,10,0,210,1,True,False,False,7,210,0
2023-05-02,leg,52973,271049,10,0,210,1,True,False,False,8,210,0
2023-05-02,leg,52973,271049,10,0,210,1,True,False,False,9,210,0
2023-05-02,leg,52973,271049,10,0,210,1,True,False,False,10,210,0
2023-05-02,leg,203459,207734,10,0,54,2,True,False,False,1,54,0
2023-05-02,leg,203459,207734,10,0,54,2,True,False,False,2,54,0
2023-05-02,leg,203459,207734,10,0,54,2,True,False,False,3,54,0
2023-05-02,leg,203459,207734,10,0,54,2,True,False,False,4,54,0
2023-05-02,leg,203459,207734,10,0,54,2,True,False,False,5,54,0
2023-05-02,leg,203459,207734,10,0,54,2,True,False,False,6,54,0
2023-05-02,leg,203459,207734,10,0,54,2,True,False,False,7,54,0
2023-05-02,leg,203459,207734,10,0,54,2,True,False,False,8,54,0
2023-05-02,leg,203459,207734,10,0,54,2,True,False,False,9,54,0
2023-05-02,leg,203459,207734,10,0,54,2,True,False,False,10,54,0
2023-05-02,leg,3549,55249,10,0,1,1,True,False,False,1,1,0
2023-05-02,leg,3549,55249,10,0,1,1,True,False,False,2,1,0
2023-05-02,leg,3549,55249,10,0,1,1,True,False,False,3,1,0
2023-05-02,leg,3549,55249,10,0,1,1,True,False,False,4,1,0
2023-05-02,leg,3549,55249,10,0,1,1,True,False,False,5,1,0
2023-05-02,leg,3549,55249,10,0,1,1,True,False,False,6,1,0
2023-05-02,leg,3549,55249,10,0,1,1,True,False,False,7,1,0
2023-05-02,leg,3549,55249,10,0,1,1,True,False,False,8,1,0
2023-05-02,leg,3549,55249,10,0,1,1,True,False,False,9,1,0
2023-05-02,leg,3549,55249,10,0,1,1,True,False,False,10,1,0
2023-05-02,leg,1836,8763,10,0,1,2,True,False,False,1,1,0
2023-05-02,leg,1836,8763,10,0,1,2,True,False,False,2,1,0
2023-05-02,leg,1836,8763,10,0,1,2,True,False,False,3,1,0
2023-05-02,leg,1836,8763,10,0,1,2,True,False,False,4,1,0
2023-05-02,leg,1836,8763,10,0,1,2,True,False,False,5,1,0
2023-05-02,leg,1836,8763,10,0,1,2,True,False,False,6,1,0
2023-05-02,leg,1836,8763,10,0,1,2,True,False,False,7,1,0
2023-05-02,leg,1836,8763,10,0,1,2,True,False,False,8,1,0
2023-05-02,leg,1836,8763,10,0,1,2,True,False,False,9,1,0
2023-05-02,leg,1836,8763,10,0,1,2,True,False,False,10,1,0
2023-05-02,leg,39120,328471,10,0,1,1,True,True,True,1,1,0
2023-05-02,leg,39120,328471,10,0,1,1,True,True,True,2,1,0
2023-05-02,leg,39120,328471,10,0,1,1,True,True,True,3,1,0
2023-05-02,leg,39120,328471,10,0,1,1,True,True,True,4,1,0
2023-05-02,leg,39120,328471,10,0,1,1,True,True,True,5,1,0
2023-05-02,leg,39120,328471,10,0,1,1,True,True,True,6,1,0
2023-05-02,leg,39120,328471,10,0,1,1,True,True,True,7,1,0
2023-05-02,leg,39120,328471,10,0,1,1,True,True,True,8,1,0
2023-05-02,leg,39120,328471,10,0,1,1,True,True,True,9,1,0
2023-05-02,leg,39120,328471,10,0,1,1,True,True,True,10,1,0
2023-05-02,leg,10118,24115,10,0,1,1,True,False,False,1,1,0
2023-05-02,leg,10118,24115,10,0,1,1,True,False,False,2,1,0
2023-05-02,leg,10118,24115,10,0,1,1,True,False,False,3,1,0
2023-05-02,leg,10118,24115,10,0,1,1,True,False,False,4,1,0
2023-05-02,leg,10118,24115,10,0,1,1,True,False,False,5,1,0
2023-05-02,leg,10118,24115,10,0,1,1,True,False,False,6,1,0
2023-05-02,leg,10118,24115,10,0,1,1,True,False,False,7,1,0
2023-05-02,leg,10118,24115,10,0,1,1,True,False,False,8,1,0
2023-05-02,leg,10118,24115,10,0,1,1,True,False,False,9,1,0
2023-05-02,leg,10118,24115,10,0,1,1,True,False,False,10,1,0
2023-05-02,leg,38880,212477,10,0,1,1,True,False,True,1,1,0
2023-05-02,leg,38880,212477,10,0,1,1,True,False,True,2,1,0
2023-05-02,leg,38880,212477,10,0,1,1,True,False,True,3,1,0
2023-05-02,leg,38880,212477,10,0,1,1,True,False,True,4,1,0
2023-05-02,leg,38880,212477,10,0,1,1,True,False,True,5,1,0
2023-05-02,leg,38880,212477,10,0,1,1,True,False,True,6,1,0
2023-05-02,leg,38880,212477,10,0,1,1,True,False,True,7,1,0
2023-05-02,leg,38880,212477,10,0,1,1,True,False,True,8,1,0
2023-05-02,leg,38880,212477,10,0,1,1,True,False,True,9,1,0
2023-05-02,leg,38880,212477,10,0,1,1,True,False,True,10,1,0
2023-05-02,leg,14630,207651,10,0,1,1,True,True,True,1,1,0
2023-05-02,leg,14630,207651,10,0,1,1,True,True,True,2,1,0
2023-05-02,leg,14630,207651,10,0,1,1,True,True,True,3,1,0
2023-05-02,leg,14630,207651,10,0,1,1,True,True,True,4,1,0
2023-05-02,leg,14630,207651,10,0,1,1,True,True,True,5,1,0
2023-05-02,leg,14630,207651,10,0,1,1,True,True,True,6,1,0
2023-05-02,leg,14630,207651,10,0,1,1,True,True,True,7,1,0
2023-05-02,leg,14630,207651,10,0,1,1,True,True,True,8,1,0
2023-05-02,leg,14630,207651,10,0,1,1,True,True,True,9,1,0
2023-05-02,leg,14630,207651,10,0,1,1,True,True,True,10,1,0
2023-05-02,leg,23456,35280,10,0,1,1,False,False,False,1,1,0
2023-05-02,leg,23456,35280,10,0,1,1,False,False,False,2,1,0
2023-05-02,leg,23456,35280,10,0,1,1,False,False,False,3,1,0
2023-05-02,leg,23456,35280,10,0,1,1,False,False,False,4,1,0
2023-05-02,leg,23456,35280,10,0,1,1,False,False,False,5,1,0
2023-05-02,leg,23456,35280,10,0,1,1,False,False,False,6,1,0
2023-05-02,leg,23456,35280,10,0,1,1,False,False,False,7,1,0
2023-05-02,leg,23456,35280,10,0,1,1,False,False,False,8,1,0
2023-05-02,leg,23456,35280,10,0,1,1,False,False,False,9,1,0
2023-05-02,leg,23456,35280,10,0,1,1,False,False,False,10,1,0
2023-05-02,leg,200889,211450,10,0,32,1,True,False,False,1,32,0
2023-05-02,leg,200889,211450,10,0,32,1,True,False,False,2,32,0
2023-05-02,leg,200889,211450,10,0,32,1,True,False,False,3,32,0
2023-05-02,leg,200889,211450,10,0,32,1,True,False,False,4,32,0
2023-05-02,leg,200889,211450,10,0,32,1,True,False,False,5,32,0
2023-05-02,leg,200889,211450,10,0,32,1,True,False,False,6,32,0
2023-05-02,leg,200889,211450,10,0,32,1,True,False,False,7,32,0
2023-05-02,leg,200889,211450,10,0,32,1,True,False,False,8,32,0
2023-05-02,leg,200889,211450,10,0,32,1,True,False,False,9,32,0
2023-05-02,leg,200889,211450,10,0,32,1,True,False,False,10,32,0
2023-05-02,leg,4657,212477,10,0,1,1,True,False,False,1,1,0
2023-05-02,leg,4657,212477,10,0,1,1,True,False,False,2,1,0
2023-05-02,leg,4657,212477,10,0,1,1,True,False,False,3,1,0
2023-05-02,leg,4657,212477,10,0,1,1,True,False,False,4,1,0
2023-05-02,leg,4657,212477,10,0,1,1,True,False,False,5,1,0
2023-05-02,leg,4657,212477,10,0,1,1,True,False,False,6,1,0
2023-05-02,leg,4657,212477,10,0,1,1,True,False,False,7,1,0
2023-05-02,leg,4657,212477,10,0,1,1,True,False,False,8,1,0
2023-05-02,leg,4657,212477,10,0,1,1,True,False,False,9,1,0
2023-05-02,leg,4657,212477,10,0,1,1,True,False,False,10,1,0
2023-05-02,leg,37721,47689,10,0,1,1,True,True,True,1,1,0
2023-05-02,leg,37721,47689,10,0,1,1,True,True,True,2,1,0
2023-05-02,leg,37721,47689,10,0,1,1,True,True,True,3,1,0
2023-05-02,leg,37721,47689,10,0,1,1,True,True,True,4,1,0
2023-05-02,leg,37721,47689,10,0,1,1,True,True,True,5,1,0
2023-05-02,leg,37721,47689,10,0,1,1,True,True,True,6,1,0
2023-05-02,leg,37721,47689,10,0,1,1,True,True,True,7,1,0
2023-05-02,leg,37721,47689,10,0,1,1,True,True,True,8,1,0
2023-05-02,leg,37721,47689,10,0,1,1,True,True,True,9,1,0
2023-05-02,leg,37721,47689,10,0,1,1,True,True,True,10,1,0
2023-05-02,leg,35280,139428,10,0,3,1,True,False,False,1,3,0
2023-05-02,leg,35280,139428,10,0,3,1,True,False,False,2,3,0
2023-05-02,leg,35280,139428,10,0,3,1,True,False,False,3,3,0
2023-05-02,leg,35280,139428,10,0,3,1,True,False,False,4,3,0
2023-05-02,leg,35280,139428,10,0,3,1,True,False,False,5,3,0
2023-05-02,leg,35280,139428,10,0,3,1,True,False,False,6,3,0
2023-05-02,leg,35280,139428,10,0,3,1,True,False,False,7,3,0
2023-05-02,leg,35280,139428,10,0,3,1,True,False,False,8,3,0
2023-05-02,leg,35280,139428,10,0,3,1,True,False,False,9,3,0
2023-05-02,leg,35280,139428,10,0,3,1,True,False,False,10,3,0
2023-05-02,leg,17477,23456,10,0,1,1,False,False,False,1,1,0
2023-05-02,leg,17477,23456,10,0,1,1,False,False,False,2,1,0
2023-05-02,leg,17477,23456,10,0,1,1,False,False,False,3,1,0
2023-05-02,leg,17477,23456,10,0,1,1,False,False,False,4,1,0
2023-05-02,leg,17477,23456,10,0,1,1,False,False,False,5,1,0
2023-05-02,leg,17477,23456,10,0,1,1,False,False,False,6,1,0
2023-05-02,leg,17477,23456,10,0,1,1,False,False,False,7,1,0
2023-05-02,leg,17477,23456,10,0,1,1,False,False,False,8,1,0
2023-05-02,leg,17477,23456,10,0,1,1,False,False,False,9,1,0
2023-05-02,leg,17477,23456,10,0,1,1,False,False,False,10,1,0
2023-05-02,leg,23456,45780,10,0,1,1,False,False,False,1,1,0
2023-05-02,leg,23456,45780,10,0,1,1,False,False,False,2,1,0
2023-05-02,leg,23456,45780,10,0,1,1,False,False,False,3,1,0
2023-05-02,leg,23456,45780,10,0,1,1,False,False,False,4,1,0
2023-05-02,leg,23456,45780,10,0,1,1,False,False,False,5,1,0
2023-05-02,leg,23456,45780,10,0,1,1,False,False,False,6,1,0
2023-05-02,leg,23456,45780,10,0,1,1,False,False,False,7,1,0
2023-05-02,leg,23456,45780,10,0,1,1,False,False,False,8,1,0
2023-05-02,leg,23456,45780,10,0,1,1,False,False,False,9,1,0
2023-05-02,leg,23456,45780,10,0,1,1,False,False,False,10,1,0
2023-05-02,leg,3549,26848,10,0,1,1,True,False,False,1,1,0
2023-05-02,leg,3549,26848,10,0,1,1,True,False,False,2,1,0
2023-05-02,leg,3549,26848,10,0,1,1,True,False,False,3,1,0
2023-05-02,leg,3549,26848,10,0,1,1,True,False,False,4,1,0
2023-05-02,leg,3549,26848,10,0,1,1,True,False,False,5,1,0
2023-05-02,leg,3549,26848,10,0,1,1,True,False,False,6,1,0
2023-05-02,leg,3549,26848,10,0,1,1,True,False,False,7,1,0
2023-05-02,leg,3549,26848,10,0,1,1,True,False,False,8,1,0
2023-05-02,leg,3549,26848,10,0,1,1,True,False,False,9,1,0
2023-05-02,leg,3549,26848,10,0,1,1,True,False,False,10,1,0
2023-05-02,leg,265414,269359,10,0,210,3,True,False,False,1,210,0
2023-05-02,leg,265414,269359,10,0,210,3,True,False,False,2,210,0
2023-05-02,leg,265414,269359,10,0,210,3,True,False,False,3,210,0
2023-05-02,leg,265414,269359,10,0,210,3,True,False,False,4,210,0
2023-05-02,leg,265414,269359,10,0,210,3,True,False,False,5,210,0
2023-05-02,leg,265414,269359,10,0,210,3,True,False,False,6,210,0
2023-05-02,leg,265414,269359,10,0,210,3,True,False,False,7,210,0
2023-05-02,leg,265414,269359,10,0,210,3,True,False,False,8,210,0
2023-05-02,leg,265414,269359,10,0,210,3,True,False,False,9,210,0
2023-05-02,leg,265414,269359,10,0,210,3,True,False,False,10,210,0
2023-05-02,leg,1836,26415,10,0,1,2,True,False,False,1,1,0
2023-05-02,leg,1836,26415,10,0,1,2,True,False,False,2,1,0
2023-05-02,leg,1836,26415,10,0,1,2,True,False,False,3,1,0
2023-05-02,leg,1836,26415,10,0,1,2,True,False,False,4,1,0
2023-05-02,leg,1836,26415,10,0,1,2,True,False,False,5,1,0
2023-05-02,leg,1836,26415,10,0,1,2,True,False,False,6,1,0
2023-05-02,leg,1836,26415,10,0,1,2,True,False,False,7,1,0
2023-05-02,leg,1836,26415,10,0,1,2,True,False,False,8,1,0
2023-05-02,leg,1836,26415,10,0,1,2,True,False,False,9,1,0
2023-05-02,leg,1836,26415,10,0,1,2,True,False,False,10,1,0
2023-05-02,leg,6057,201814,10,0,1,2,True,False,True,1,1,0
2023-05-02,leg,6057,201814,10,0,1,2,True,False,True,2,1,0
2023-05-02,leg,6057,201814,10,0,1,2,True,False,True,3,1,0
2023-05-02,leg,6057,201814,10,0,1,2,True,False,True,4,1,0
2023-05-02,leg,6057,201814,10,0,1,2,True,False,True,5,1,0
2023-05-02,leg,6057,201814,10,0,1,2,True,False,True,6,1,0
2023-05-02,leg,6057,201814,10,0,1,2,True,False,True,7,1,0
2023-05-02,leg,6057,201814,10,0,1,2,True,False,True,8,1,0
2023-05-02,leg,6057,201814,10,0,1,2,True,False,True,9,1,0
2023-05-02,leg,6057,201814,10,0,1,2,True,False,True,10,1,0
2023-05-02,leg,29049,212372,10,0,1,1,True,False,True,1,1,0
2023-05-02,leg,29049,212372,10,0,1,1,True,False,True,2,1,0
2023-05-02,leg,29049,212372,10,0,1,1,True,False,True,3,1,0
2023-05-02,leg,29049,212372,10,0,1,1,True,False,True,4,1,0
2023-05-02,leg,29049,212372,10,0,1,1,True,False,True,5,1,0
2023-05-02,leg,29049,212372,10,0,1,1,True,False,True,6,1,0
2023-05-02,leg,29049,212372,10,0,1,1,True,False,True,7,1,0
2023-05-02,leg,29049,212372,10,0,1,1,True,False,True,8,1,0
2023-05-02,leg,29049,212372,10,0,1,1,True,False,True,9,1,0
2023-05-02,leg,29049,212372,10,0,1,1,True,False,True,10,1,0
2023-05-02,leg,9770,9790,10,0,1,3,True,False,False,1,1,0
2023-05-02,leg,9770,9790,10,0,1,3,True,False,False,2,1,0
2023-05-02,leg,9770,9790,10,0,1,3,True,False,False,3,1,0
2023-05-02,leg,9770,9790,10,0,1,3,True,False,False,4,1,0
2023-05-02,leg,9770,9790,10,0,1,3,True,False,False,5,1,0
2023-05-02,leg,9770,9790,10,0,1,3,True,False,False,6,1,0
2023-05-02,leg,9770,9790,10,0,1,3,True,False,False,7,1,0
2023-05-02,leg,9770,9790,10,0,1,3,True,False,False,8,1,0
2023-05-02,leg,9770,9790,10,0,1,3,True,False,False,9,1,0
2023-05-02,leg,9770,9790,10,0,1,3,True,False,False,10,1,0
2023-05-02,leg,36236,54290,10,0,1,1,True,False,False,1,1,0
2023-05-02,leg,36236,54290,10,0,1,1,True,False,False,2,1,0
2023-05-02,leg,36236,54290,10,0,1,1,True,False,False,3,1,0
2023-05-02,leg,36236,54290,10,0,1,1,True,False,False,4,1,0
2023-05-02,leg,36236,54290,10,0,1,1,True,False,False,5,1,0
2023-05-02,leg,36236,54290,10,0,1,1,True,False,False,6,1,0
2023-05-02,leg,36236,54290,10,0,1,1,True,False,False,7,1,0
2023-05-02,leg,36236,54290,10,0,1,1,True,False,False,8,1,0
2023-05-02,leg,36236,54290,10,0,1,1,True,False,False,9,1,0
2023-05-02,leg,36236,54290,10,0,1,1,True,False,False,10,1,0
2023-05-02,leg,41805,271049,10,0,1,1,True,True,True,1,1,0
2023-05-02,leg,41805,271049,10,0,1,1,True,True,True,2,1,0
2023-05-02,leg,41805,271049,10,0,1,1,True,True,True,3,1,0
2023-05-02,leg,41805,271049,10,0,1,1,True,True,True,4,1,0
2023-05-02,leg,41805,271049,10,0,1,1,True,True,True,5,1,0
2023-05-02,leg,41805,271049,10,0,1,1,True,True,True,6,1,0
2023-05-02,leg,41805,271049,10,0,1,1,True,True,True,7,1,0
2023-05-02,leg,41805,271049,10,0,1,1,True,True,True,8,1,0
2023-05-02,leg,41805,271049,10,0,1,1,True,True,True,9,1,0
2023-05-02,leg,41805,271049,10,0,1,1,True,True,True,10,1,0
2023-05-02,leg,29470,208349,10,0,2,2,True,False,False,1,2,0
2023-05-02,leg,29470,208349,10,0,2,2,True,False,False,2,2,0
2023-05-02,leg,29470,208349,10,0,2,2,True,False,False,3,2,0
2023-05-02,leg,29470,208349,10,0,2,2,True,False,False,4,2,0
2023-05-02,leg,29470,208349,10,0,2,2,True,False,False,5,2,0
2023-05-02,leg,29470,208349,10,0,2,2,True,False,False,6,2,0
2023-05-02,leg,29470,208349,10,0,2,2,True,False,False,7,2,0
2023-05-02,leg,29470,208349,10,0,2,2,True,False,False,8,2,0
2023-05-02,leg,29470,208349,10,0,2,2,True,False,False,9,2,0
2023-05-02,leg,29470,208349,10,0,2,2,True,False,False,10,2,0
