date,unique_attackers,unique_victims,formatted_date
2022-01-01,170,110,Jan-2022
2022-01-02,185,122,Jan-2022
2022-01-03,258,350,Jan-2022
2022-01-04,230,191,Jan-2022
2022-01-05,651,530,Jan-2022
2022-01-06,300,364,Jan-2022
2022-01-07,364,355,Jan-2022
2022-01-08,251,370,Jan-2022
2022-01-09,158,203,Jan-2022
2022-01-10,266,308,Jan-2022
2022-01-11,515,2162,Jan-2022
2022-01-12,331,461,Jan-2022
2022-01-13,501,508,Jan-2022
2022-01-14,450,500,Jan-2022
2022-01-15,347,358,Jan-2022
2022-01-16,261,321,Jan-2022
2022-01-17,377,398,Jan-2022
2022-01-18,431,532,Jan-2022
2022-01-19,579,961,Jan-2022
2022-01-20,971,689,Jan-2022
2022-01-21,503,633,Jan-2022
2022-01-22,366,515,Jan-2022
2022-01-23,357,409,Jan-2022
2022-01-24,499,665,Jan-2022
2022-01-25,782,783,Jan-2022
2022-01-26,598,644,Jan-2022
2022-01-27,1047,735,Jan-2022
2022-01-28,536,704,Jan-2022
2022-01-29,401,467,Jan-2022
2022-01-30,345,398,Jan-2022
2022-01-31,478,524,Jan-2022
2022-02-01,682,969,Feb-2022
2022-02-02,422,435,Feb-2022
2022-02-03,629,2041,Feb-2022
2022-02-04,369,448,Feb-2022
2022-02-05,298,338,Feb-2022
2022-02-06,262,330,Feb-2022
2022-02-07,364,422,Feb-2022
2022-02-08,461,569,Feb-2022
2022-02-09,520,700,Feb-2022
2022-02-10,418,516,Feb-2022
2022-02-11,485,597,Feb-2022
2022-02-12,414,423,Feb-2022
2022-02-13,340,405,Feb-2022
2022-02-14,482,545,Feb-2022
2022-02-15,553,672,Feb-2022
2022-02-16,605,723,Feb-2022
2022-02-17,683,709,Feb-2022
2022-02-18,553,680,Feb-2022
2022-02-19,471,548,Feb-2022
2022-02-20,393,470,Feb-2022
2022-02-21,557,646,Feb-2022
2022-02-22,667,749,Feb-2022
2022-02-23,664,723,Feb-2022
2022-02-24,571,654,Feb-2022
2022-02-25,513,576,Feb-2022
2022-02-26,468,549,Feb-2022
2022-02-27,456,551,Feb-2022
2022-02-28,594,869,Feb-2022
2022-03-01,529,732,Mar-2022
2022-03-02,312,366,Mar-2022
2022-03-03,352,387,Mar-2022
2022-03-04,359,607,Mar-2022
2022-03-05,321,377,Mar-2022
2022-03-06,280,317,Mar-2022
2022-03-07,464,519,Mar-2022
2022-03-08,560,541,Mar-2022
2022-03-09,562,946,Mar-2022
2022-03-10,541,629,Mar-2022
2022-03-11,555,1048,Mar-2022
2022-03-12,432,603,Mar-2022
2022-03-13,339,404,Mar-2022
2022-03-14,538,664,Mar-2022
2022-03-15,508,644,Mar-2022
2022-03-16,567,1028,Mar-2022
2022-03-17,558,1052,Mar-2022
2022-03-18,512,651,Mar-2022
2022-03-19,489,487,Mar-2022
2022-03-20,343,375,Mar-2022
2022-03-21,449,533,Mar-2022
2022-03-22,534,691,Mar-2022
2022-03-23,542,838,Mar-2022
2022-03-24,543,569,Mar-2022
2022-03-25,482,540,Mar-2022
2022-03-26,398,429,Mar-2022
2022-03-27,368,406,Mar-2022
2022-03-28,530,553,Mar-2022
2022-03-30,507,590,Mar-2022
2022-03-31,590,619,Mar-2022
2022-04-02,376,370,Apr-2022
2022-04-03,294,337,Apr-2022
2022-04-04,393,569,Apr-2022
2022-04-05,505,535,Apr-2022
2022-04-07,606,754,Apr-2022
2022-04-08,566,666,Apr-2022
2022-04-09,399,415,Apr-2022
2022-04-10,334,374,Apr-2022
2022-04-11,459,503,Apr-2022
2022-04-12,650,742,Apr-2022
2022-04-13,547,755,Apr-2022
2022-04-14,519,534,Apr-2022
2022-04-15,677,1336,Apr-2022
2022-04-16,969,410,Apr-2022
2022-04-17,579,358,Apr-2022
2022-04-18,423,450,Apr-2022
2022-04-19,1925,1110,Apr-2022
2022-04-21,320,338,Apr-2022
2022-04-22,491,650,Apr-2022
2022-04-23,381,434,Apr-2022
2022-04-24,378,410,Apr-2022
2022-04-25,565,643,Apr-2022
2022-04-26,707,630,Apr-2022
2022-04-27,725,910,Apr-2022
2022-04-28,552,701,Apr-2022
2022-04-29,507,597,Apr-2022
2022-04-30,397,512,Apr-2022
2022-05-01,327,402,May-2022
2022-05-02,445,374,May-2022
2022-05-03,400,424,May-2022
2022-05-04,328,393,May-2022
2022-05-05,494,721,May-2022
2022-05-06,451,488,May-2022
2022-05-07,316,345,May-2022
2022-05-08,271,317,May-2022
2022-05-09,399,523,May-2022
2022-05-10,429,546,May-2022
2022-05-11,495,571,May-2022
2022-05-12,494,604,May-2022
2022-05-13,395,502,May-2022
2022-05-14,1405,487,May-2022
2022-05-15,398,336,May-2022
2022-05-16,507,484,May-2022
2022-05-17,638,808,May-2022
2022-05-18,486,556,May-2022
2022-05-19,526,540,May-2022
2022-05-20,504,584,May-2022
2022-05-21,963,589,May-2022
2022-05-22,324,346,May-2022
2022-05-23,494,473,May-2022
2022-05-24,546,606,May-2022
2022-05-25,498,737,May-2022
2022-05-26,555,625,May-2022
2022-05-27,433,509,May-2022
2022-05-28,341,379,May-2022
2022-05-29,319,322,May-2022
2022-05-30,473,494,May-2022
2022-05-31,897,543,May-2022
2022-06-01,620,691,Jun-2022
2022-06-02,372,461,Jun-2022
2022-06-03,451,649,Jun-2022
2022-06-04,248,292,Jun-2022
2022-06-05,262,358,Jun-2022
2022-06-06,404,489,Jun-2022
2022-06-07,540,547,Jun-2022
2022-06-08,501,576,Jun-2022
2022-06-09,491,627,Jun-2022
2022-06-10,502,678,Jun-2022
2022-06-11,412,415,Jun-2022
2022-06-12,308,319,Jun-2022
2022-06-13,461,465,Jun-2022
2022-06-14,786,745,Jun-2022
2022-06-15,578,680,Jun-2022
2022-06-16,445,493,Jun-2022
2022-06-17,485,569,Jun-2022
2022-06-18,415,479,Jun-2022
2022-06-19,393,408,Jun-2022
2022-06-20,584,855,Jun-2022
2022-06-21,1165,2343,Jun-2022
2022-06-22,690,1067,Jun-2022
2022-06-23,572,755,Jun-2022
2022-06-24,487,558,Jun-2022
2022-06-25,336,418,Jun-2022
2022-06-26,328,393,Jun-2022
2022-06-27,588,742,Jun-2022
2022-06-28,624,946,Jun-2022
2022-06-29,515,573,Jun-2022
2022-06-30,574,674,Jun-2022
2022-07-01,528,554,Jul-2022
2022-07-02,320,368,Jul-2022
2022-07-03,254,299,Jul-2022
2022-07-04,369,447,Jul-2022
2022-07-05,598,966,Jul-2022
2022-07-06,489,567,Jul-2022
2022-07-07,546,605,Jul-2022
2022-07-08,455,532,Jul-2022
2022-07-09,339,369,Jul-2022
2022-07-10,6394,3286,Jul-2022
2022-07-11,821,755,Jul-2022
2022-07-12,518,625,Jul-2022
2022-07-13,536,605,Jul-2022
2022-07-14,518,725,Jul-2022
2022-07-15,586,611,Jul-2022
2022-07-16,383,397,Jul-2022
2022-07-17,535,517,Jul-2022
2022-07-18,509,572,Jul-2022
2022-07-19,576,734,Jul-2022
2022-07-20,574,752,Jul-2022
2022-07-21,548,700,Jul-2022
2022-07-22,585,624,Jul-2022
2022-07-23,547,574,Jul-2022
2022-07-24,378,458,Jul-2022
2022-07-25,505,586,Jul-2022
2022-07-26,534,646,Jul-2022
2022-07-27,619,672,Jul-2022
2022-07-28,521,597,Jul-2022
2022-07-29,491,604,Jul-2022
2022-07-30,393,466,Jul-2022
2022-07-31,332,405,Jul-2022
2022-08-01,497,547,Aug-2022
2022-08-02,311,345,Aug-2022
2022-08-03,344,397,Aug-2022
2022-08-04,372,433,Aug-2022
2022-08-05,482,522,Aug-2022
2022-08-06,808,405,Aug-2022
2022-08-07,362,442,Aug-2022
2022-08-08,467,557,Aug-2022
2022-08-09,537,517,Aug-2022
2022-08-10,571,797,Aug-2022
2022-08-11,1502,834,Aug-2022
2022-08-12,547,582,Aug-2022
2022-08-13,333,389,Aug-2022
2022-08-14,401,431,Aug-2022
2022-08-15,607,621,Aug-2022
2022-08-16,536,811,Aug-2022
2022-08-17,793,657,Aug-2022
2022-08-18,1436,1319,Aug-2022
2022-08-19,625,964,Aug-2022
2022-08-20,425,459,Aug-2022
2022-08-21,389,448,Aug-2022
2022-08-22,474,558,Aug-2022
2022-08-23,500,537,Aug-2022
2022-08-24,664,887,Aug-2022
2022-08-25,569,619,Aug-2022
2022-08-26,449,543,Aug-2022
2022-08-27,428,478,Aug-2022
2022-08-28,337,481,Aug-2022
2022-08-29,551,607,Aug-2022
2022-08-30,491,610,Aug-2022
2022-08-31,506,557,Aug-2022
2022-09-01,657,749,Sep-2022
2022-09-02,291,320,Sep-2022
2022-09-03,222,280,Sep-2022
2022-09-04,183,224,Sep-2022
2022-09-05,391,418,Sep-2022
2022-09-06,492,506,Sep-2022
2022-09-07,450,659,Sep-2022
2022-09-08,430,525,Sep-2022
2022-09-09,382,483,Sep-2022
2022-09-10,284,371,Sep-2022
2022-09-11,307,442,Sep-2022
2022-09-12,450,667,Sep-2022
2022-09-13,444,835,Sep-2022
2022-09-14,442,554,Sep-2022
2022-09-15,502,574,Sep-2022
2022-09-16,422,579,Sep-2022
2022-09-17,295,383,Sep-2022
2022-09-18,370,464,Sep-2022
2022-09-19,383,478,Sep-2022
2022-09-20,491,826,Sep-2022
2022-09-21,431,520,Sep-2022
2022-09-22,421,507,Sep-2022
2022-09-23,390,491,Sep-2022
2022-09-24,297,382,Sep-2022
2022-09-25,249,339,Sep-2022
2022-09-26,389,752,Sep-2022
2022-09-27,446,933,Sep-2022
2022-09-28,487,581,Sep-2022
2022-09-29,559,619,Sep-2022
2022-09-30,462,523,Sep-2022
2022-10-01,353,466,Oct-2022
2022-10-02,169,238,Oct-2022
2022-10-03,236,294,Oct-2022
2022-10-04,338,378,Oct-2022
2022-10-05,409,569,Oct-2022
2022-10-06,401,472,Oct-2022
2022-10-07,363,445,Oct-2022
2022-10-08,272,380,Oct-2022
2022-10-09,214,279,Oct-2022
2022-10-10,346,618,Oct-2022
2022-10-11,452,580,Oct-2022
2022-10-12,411,391,Oct-2022
2022-10-13,1184,1198,Oct-2022
2022-10-14,383,421,Oct-2022
2022-10-15,318,338,Oct-2022
2022-10-16,231,261,Oct-2022
2022-10-17,343,431,Oct-2022
2022-10-18,574,928,Oct-2022
2022-10-19,462,540,Oct-2022
2022-10-20,419,434,Oct-2022
2022-10-21,520,918,Oct-2022
2022-10-22,343,368,Oct-2022
2022-10-23,329,355,Oct-2022
2022-10-24,438,441,Oct-2022
2022-10-25,450,466,Oct-2022
2022-10-26,645,599,Oct-2022
2022-10-27,541,648,Oct-2022
2022-10-28,420,490,Oct-2022
2022-10-29,337,395,Oct-2022
2022-10-30,298,327,Oct-2022
2022-10-31,545,615,Oct-2022
2022-11-01,450,526,Nov-2022
2022-11-02,501,389,Nov-2022
2022-11-03,410,389,Nov-2022
2022-11-04,339,343,Nov-2022
2022-11-05,230,273,Nov-2022
2022-11-06,215,245,Nov-2022
2022-11-07,356,721,Nov-2022
2022-11-08,450,480,Nov-2022
2022-11-09,449,457,Nov-2022
2022-11-10,538,540,Nov-2022
2022-11-11,398,678,Nov-2022
2022-11-12,326,407,Nov-2022
2022-11-13,227,249,Nov-2022
2022-11-14,295,328,Nov-2022
2022-11-15,397,458,Nov-2022
2022-11-16,433,484,Nov-2022
2022-11-17,408,502,Nov-2022
2022-11-18,417,437,Nov-2022
2022-11-19,327,370,Nov-2022
2022-11-20,270,325,Nov-2022
2022-11-21,645,471,Nov-2022
2022-11-22,560,523,Nov-2022
2022-11-23,601,630,Nov-2022
2022-11-24,570,518,Nov-2022
2022-11-25,466,617,Nov-2022
2022-11-26,374,318,Nov-2022
2022-11-27,391,420,Nov-2022
2022-11-28,450,434,Nov-2022
2022-11-29,490,533,Nov-2022
2022-11-30,475,512,Nov-2022
2022-12-01,598,777,Dec-2022
2022-12-02,305,399,Dec-2022
2022-12-03,200,228,Dec-2022
2022-12-04,207,235,Dec-2022
2022-12-05,294,336,Dec-2022
2022-12-06,367,574,Dec-2022
2022-12-07,442,661,Dec-2022
2022-12-08,717,474,Dec-2022
2022-12-09,525,2024,Dec-2022
2022-12-10,302,369,Dec-2022
2022-12-11,657,402,Dec-2022
2022-12-12,517,493,Dec-2022
2022-12-13,674,1130,Dec-2022
2022-12-14,466,602,Dec-2022
2022-12-15,565,819,Dec-2022
2022-12-16,417,536,Dec-2022
2022-12-17,338,368,Dec-2022
2022-12-18,283,312,Dec-2022
2022-12-19,466,565,Dec-2022
2022-12-20,535,583,Dec-2022
2022-12-21,523,598,Dec-2022
2022-12-22,536,712,Dec-2022
2022-12-23,415,510,Dec-2022
2022-12-24,260,298,Dec-2022
2022-12-25,271,288,Dec-2022
2022-12-26,357,422,Dec-2022
2022-12-27,437,489,Dec-2022
2022-12-28,444,480,Dec-2022
2022-12-29,412,494,Dec-2022
2022-12-30,488,722,Dec-2022
2022-12-31,299,356,Dec-2022
2023-01-01,300,373,Jan-2023
2023-01-02,236,503,Jan-2023
2023-01-03,271,445,Jan-2023
2023-01-04,266,332,Jan-2023
2023-01-05,393,475,Jan-2023
2023-01-06,350,415,Jan-2023
2023-01-07,283,334,Jan-2023
2023-01-08,261,319,Jan-2023
2023-01-09,412,456,Jan-2023
2023-01-10,554,1150,Jan-2023
2023-01-11,455,495,Jan-2023
2023-01-12,462,589,Jan-2023
2023-01-13,397,534,Jan-2023
2023-01-14,345,550,Jan-2023
2023-01-15,320,458,Jan-2023
2023-01-16,489,579,Jan-2023
2023-01-17,876,750,Jan-2023
2023-01-18,574,604,Jan-2023
2023-01-19,490,565,Jan-2023
2023-01-20,429,593,Jan-2023
2023-01-21,373,545,Jan-2023
2023-01-22,303,358,Jan-2023
2023-01-23,478,534,Jan-2023
2023-01-24,486,758,Jan-2023
2023-01-25,532,853,Jan-2023
2023-01-26,630,656,Jan-2023
2023-01-27,484,705,Jan-2023
2023-01-28,371,488,Jan-2023
2023-01-29,327,494,Jan-2023
2023-01-30,496,642,Jan-2023
2023-01-31,549,818,Jan-2023
2023-02-01,588,652,Feb-2023
2023-02-02,384,489,Feb-2023
2023-02-03,344,455,Feb-2023
2023-02-04,291,348,Feb-2023
2023-02-05,315,353,Feb-2023
2023-02-06,543,604,Feb-2023
2023-02-07,573,713,Feb-2023
2023-02-08,455,509,Feb-2023
2023-02-09,501,556,Feb-2023
2023-02-10,509,634,Feb-2023
2023-02-11,343,422,Feb-2023
2023-02-12,298,395,Feb-2023
2023-02-13,423,547,Feb-2023
2023-02-14,452,535,Feb-2023
2023-02-15,455,538,Feb-2023
2023-02-16,547,731,Feb-2023
2023-02-17,585,784,Feb-2023
2023-02-18,409,546,Feb-2023
2023-02-19,422,574,Feb-2023
2023-02-20,505,636,Feb-2023
2023-02-21,491,695,Feb-2023
2023-02-22,525,668,Feb-2023
2023-02-23,471,683,Feb-2023
2023-02-24,513,622,Feb-2023
2023-02-25,448,533,Feb-2023
2023-02-26,369,457,Feb-2023
2023-02-27,525,632,Feb-2023
2023-02-28,602,858,Feb-2023
2023-03-01,984,974,Mar-2023
2023-03-02,366,635,Mar-2023
2023-03-03,316,430,Mar-2023
2023-03-04,262,340,Mar-2023
2023-03-05,310,349,Mar-2023
2023-03-06,473,959,Mar-2023
2023-03-07,455,549,Mar-2023
2023-03-08,410,631,Mar-2023
2023-03-09,495,656,Mar-2023
2023-03-10,497,804,Mar-2023
2023-03-11,362,409,Mar-2023
2023-03-12,368,628,Mar-2023
2023-03-13,448,472,Mar-2023
2023-03-14,490,554,Mar-2023
2023-03-15,456,519,Mar-2023
2023-03-16,506,546,Mar-2023
2023-03-17,518,886,Mar-2023
2023-03-18,461,427,Mar-2023
2023-03-19,322,379,Mar-2023
2023-03-20,452,676,Mar-2023
2023-03-21,527,627,Mar-2023
2023-03-22,561,610,Mar-2023
2023-03-23,529,662,Mar-2023
2023-03-24,579,590,Mar-2023
2023-03-25,402,464,Mar-2023
2023-03-26,388,385,Mar-2023
2023-03-27,549,1014,Mar-2023
2023-03-28,1179,692,Mar-2023
2023-03-29,594,811,Mar-2023
2023-03-30,577,781,Mar-2023
2023-03-31,654,657,Mar-2023
2023-04-01,462,524,Apr-2023
2023-04-02,221,251,Apr-2023
2023-04-04,440,452,Apr-2023
2023-04-05,451,539,Apr-2023
2023-04-06,501,588,Apr-2023
2023-04-07,389,493,Apr-2023
2023-04-08,352,489,Apr-2023
2023-04-09,276,329,Apr-2023
2023-04-10,385,454,Apr-2023
2023-04-11,448,543,Apr-2023
2023-04-12,489,552,Apr-2023
2023-04-13,499,602,Apr-2023
2023-04-14,479,622,Apr-2023
2023-04-15,338,420,Apr-2023
2023-04-16,320,395,Apr-2023
2023-04-17,1091,933,Apr-2023
2023-04-18,490,789,Apr-2023
2023-04-19,526,654,Apr-2023
2023-04-20,523,699,Apr-2023
2023-04-21,434,552,Apr-2023
2023-04-22,377,427,Apr-2023
2023-04-23,289,328,Apr-2023
2023-04-24,548,470,Apr-2023
2023-04-25,500,561,Apr-2023
2023-04-26,510,559,Apr-2023
2023-04-27,497,598,Apr-2023
2023-04-28,505,577,Apr-2023
2023-04-29,374,399,Apr-2023
2023-04-30,324,372,Apr-2023
2023-05-01,401,591,May-2023
2023-05-02,299,343,May-2023
2023-05-03,300,498,May-2023
2023-05-04,315,512,May-2023
2023-05-05,359,477,May-2023
2023-05-06,270,305,May-2023
2023-05-07,261,399,May-2023
2023-05-08,307,343,May-2023
2023-05-09,449,553,May-2023
2023-05-10,442,576,May-2023
2023-05-11,425,472,May-2023
2023-05-12,448,429,May-2023
2023-05-13,319,342,May-2023
2023-05-14,274,426,May-2023
2023-05-15,429,595,May-2023
2023-05-16,462,531,May-2023
2023-05-17,492,521,May-2023
2023-05-18,493,656,May-2023
2023-05-19,631,736,May-2023
2023-05-20,378,495,May-2023
2023-05-21,293,406,May-2023
2023-05-22,447,581,May-2023
2023-05-23,492,642,May-2023
2023-05-24,554,708,May-2023
2023-05-25,525,785,May-2023
2023-05-26,454,470,May-2023
2023-05-27,366,392,May-2023
2023-05-28,389,493,May-2023
2023-05-29,606,2739,May-2023
2023-05-30,553,1272,May-2023
2023-05-31,590,838,May-2023
2023-06-01,799,870,Jun-2023
2023-06-02,399,592,Jun-2023
2023-06-03,319,366,Jun-2023
2023-06-04,244,260,Jun-2023
2023-06-05,479,561,Jun-2023
2023-06-06,486,521,Jun-2023
2023-06-07,492,506,Jun-2023
2023-06-08,496,632,Jun-2023
2023-06-09,435,545,Jun-2023
2023-06-10,331,360,Jun-2023
2023-06-11,286,302,Jun-2023
2023-06-12,408,446,Jun-2023
2023-06-13,455,515,Jun-2023
2023-06-14,482,520,Jun-2023
2023-06-15,517,551,Jun-2023
2023-06-16,485,570,Jun-2023
2023-06-17,374,705,Jun-2023
2023-06-18,321,361,Jun-2023
2023-06-19,889,782,Jun-2023
2023-06-20,458,605,Jun-2023
2023-06-21,497,565,Jun-2023
2023-06-22,523,588,Jun-2023
2023-06-23,488,561,Jun-2023
2023-06-24,406,437,Jun-2023
2023-06-25,367,409,Jun-2023
2023-06-26,629,649,Jun-2023
2023-06-27,1168,664,Jun-2023
2023-06-28,576,753,Jun-2023
2023-06-29,540,644,Jun-2023
2023-06-30,593,602,Jun-2023
2023-07-01,390,434,Jul-2023
2023-07-02,292,474,Jul-2023
2023-07-03,344,377,Jul-2023
2023-07-04,363,476,Jul-2023
2023-07-05,441,591,Jul-2023
2023-07-06,483,658,Jul-2023
2023-07-07,445,592,Jul-2023
2023-07-08,362,395,Jul-2023
2023-07-09,321,372,Jul-2023
2023-07-10,435,485,Jul-2023
2023-07-11,464,504,Jul-2023
2023-07-12,507,659,Jul-2023
2023-07-13,563,693,Jul-2023
2023-07-14,520,674,Jul-2023
2023-07-15,393,478,Jul-2023
2023-07-16,482,572,Jul-2023
2023-07-17,530,614,Jul-2023
2023-07-18,627,848,Jul-2023
2023-07-19,605,818,Jul-2023
2023-07-20,712,953,Jul-2023
2023-07-21,665,681,Jul-2023
2023-07-22,454,492,Jul-2023
2023-07-23,408,449,Jul-2023
2023-07-24,641,935,Jul-2023
2023-07-25,611,1391,Jul-2023
2023-07-26,748,1096,Jul-2023
2023-07-27,793,1602,Jul-2023
2023-07-28,1039,1154,Jul-2023
2023-07-29,528,723,Jul-2023
2023-07-30,580,768,Jul-2023
2023-07-31,555,737,Jul-2023
2023-08-01,730,938,Aug-2023
2023-08-02,651,683,Aug-2023
2023-08-03,433,566,Aug-2023
2023-08-04,349,425,Aug-2023
2023-08-05,545,410,Aug-2023
2023-08-06,299,344,Aug-2023
2023-08-07,514,572,Aug-2023
2023-08-08,528,644,Aug-2023
2023-08-09,617,740,Aug-2023
2023-08-10,963,1134,Aug-2023
2023-08-11,795,895,Aug-2023
2023-08-12,414,480,Aug-2023
2023-08-13,398,441,Aug-2023
2023-08-14,538,877,Aug-2023
2023-08-15,608,913,Aug-2023
2023-08-16,560,690,Aug-2023
2023-08-17,541,785,Aug-2023
2023-08-18,585,887,Aug-2023
2023-08-19,420,506,Aug-2023
2023-08-20,331,385,Aug-2023
2023-08-21,562,573,Aug-2023
2023-08-22,578,620,Aug-2023
2023-08-23,757,890,Aug-2023
2023-08-24,758,649,Aug-2023
2023-08-25,523,546,Aug-2023
2023-08-26,422,468,Aug-2023
2023-08-27,370,393,Aug-2023
2023-08-28,527,574,Aug-2023
2023-08-29,687,785,Aug-2023
2023-08-30,603,687,Aug-2023
2023-08-31,587,847,Aug-2023
2023-09-01,538,647,Sep-2023
2023-09-02,347,332,Sep-2023
2023-09-03,255,348,Sep-2023
2023-09-04,344,333,Sep-2023
2023-09-05,438,490,Sep-2023
2023-09-06,476,521,Sep-2023
2023-09-07,482,574,Sep-2023
2023-09-08,408,450,Sep-2023
2023-09-09,333,350,Sep-2023
2023-09-10,311,318,Sep-2023
2023-09-11,398,426,Sep-2023
2023-09-12,464,622,Sep-2023
2023-09-13,794,845,Sep-2023
2023-09-14,1008,738,Sep-2023
2023-09-15,454,499,Sep-2023
2023-09-16,346,358,Sep-2023
2023-09-17,311,319,Sep-2023
2023-09-18,424,475,Sep-2023
2023-09-19,508,613,Sep-2023
2023-09-20,545,712,Sep-2023
2023-09-21,513,627,Sep-2023
2023-09-22,521,544,Sep-2023
2023-09-23,370,439,Sep-2023
2023-09-24,320,394,Sep-2023
2023-09-25,605,535,Sep-2023
2023-09-26,512,682,Sep-2023
2023-09-27,490,626,Sep-2023
2023-09-28,1922,1088,Sep-2023
2023-09-29,518,584,Sep-2023
2023-09-30,389,417,Sep-2023
2023-10-01,833,397,Oct-2023
2023-10-02,393,411,Oct-2023
2023-10-03,336,411,Oct-2023
2023-10-04,937,1178,Oct-2023
2023-10-05,444,534,Oct-2023
2023-10-06,492,474,Oct-2023
2023-10-07,373,330,Oct-2023
2023-10-08,298,328,Oct-2023
2023-10-09,421,529,Oct-2023
2023-10-10,472,549,Oct-2023
2023-10-11,454,569,Oct-2023
2023-10-12,420,541,Oct-2023
2023-10-13,461,499,Oct-2023
2023-10-14,332,359,Oct-2023
2023-10-15,298,370,Oct-2023
2023-10-16,545,648,Oct-2023
2023-10-17,542,506,Oct-2023
2023-10-18,559,753,Oct-2023
2023-10-19,606,706,Oct-2023
2023-10-20,633,615,Oct-2023
2023-10-21,516,516,Oct-2023
2023-10-22,384,415,Oct-2023
2023-10-23,531,578,Oct-2023
2023-10-24,626,735,Oct-2023
2023-10-25,541,558,Oct-2023
2023-10-26,573,538,Oct-2023
2023-10-27,621,639,Oct-2023
2023-10-28,454,432,Oct-2023
2023-10-29,560,379,Oct-2023
2023-10-30,523,495,Oct-2023
2023-10-31,640,736,Oct-2023
2023-11-01,600,690,Nov-2023
2023-11-02,536,484,Nov-2023
2023-11-03,324,370,Nov-2023
2023-11-04,265,274,Nov-2023
2023-11-05,307,348,Nov-2023
2023-11-06,389,418,Nov-2023
2023-11-07,626,725,Nov-2023
2023-11-08,459,480,Nov-2023
2023-11-09,441,461,Nov-2023
2023-11-10,501,498,Nov-2023
2023-11-11,305,341,Nov-2023
2023-11-12,297,301,Nov-2023
2023-11-13,425,495,Nov-2023
2023-11-14,487,510,Nov-2023
2023-11-15,472,497,Nov-2023
2023-11-16,453,541,Nov-2023
2023-11-17,479,611,Nov-2023
2023-11-18,341,348,Nov-2023
2023-11-19,288,327,Nov-2023
2023-11-20,408,527,Nov-2023
2023-11-21,598,649,Nov-2023
2023-11-22,485,550,Nov-2023
2023-11-23,485,494,Nov-2023
2023-11-24,488,551,Nov-2023
2023-11-25,306,393,Nov-2023
2023-11-26,326,359,Nov-2023
2023-11-27,454,505,Nov-2023
2023-11-28,578,666,Nov-2023
2023-11-29,989,2506,Nov-2023
2023-11-30,872,718,Nov-2023
2023-12-01,499,603,Dec-2023
2023-12-02,261,328,Dec-2023
2023-12-03,267,421,Dec-2023
2023-12-04,345,511,Dec-2023
2023-12-05,1293,696,Dec-2023
2023-12-06,417,473,Dec-2023
2023-12-07,425,497,Dec-2023
2023-12-08,399,444,Dec-2023
2023-12-09,309,363,Dec-2023
2023-12-10,291,357,Dec-2023
2023-12-11,414,564,Dec-2023
2023-12-12,393,455,Dec-2023
2023-12-13,464,536,Dec-2023
2023-12-14,537,750,Dec-2023
2023-12-15,415,510,Dec-2023
2023-12-16,370,436,Dec-2023
2023-12-17,281,338,Dec-2023
2023-12-18,399,497,Dec-2023
2023-12-19,529,521,Dec-2023
2023-12-20,475,638,Dec-2023
2023-12-21,467,583,Dec-2023
2023-12-22,390,534,Dec-2023
2023-12-23,314,375,Dec-2023
2023-12-24,277,364,Dec-2023
2023-12-25,322,337,Dec-2023
2023-12-26,1864,521,Dec-2023
2023-12-27,413,526,Dec-2023
2023-12-28,560,497,Dec-2023
2023-12-29,401,429,Dec-2023
2023-12-30,313,354,Dec-2023
2023-12-31,267,313,Dec-2023
2024-01-01,196,206,Jan-2024
2024-01-02,203,217,Jan-2024
2024-01-03,224,238,Jan-2024
2024-01-04,211,219,Jan-2024
2024-01-05,291,326,Jan-2024
2024-01-06,375,956,Jan-2024
2024-01-07,231,248,Jan-2024
2024-01-08,327,370,Jan-2024
2024-01-09,297,341,Jan-2024
2024-01-10,346,411,Jan-2024
2024-01-11,406,494,Jan-2024
2024-01-12,324,352,Jan-2024
2024-01-13,266,277,Jan-2024
2024-01-14,245,267,Jan-2024
2024-01-15,344,360,Jan-2024
2024-01-16,432,698,Jan-2024
2024-01-17,399,487,Jan-2024
2024-01-18,381,453,Jan-2024
2024-01-19,368,447,Jan-2024
2024-01-20,320,337,Jan-2024
2024-01-21,236,287,Jan-2024
2024-01-22,328,384,Jan-2024
2024-01-23,384,453,Jan-2024
2024-01-24,369,439,Jan-2024
2024-01-25,464,491,Jan-2024
2024-01-26,379,482,Jan-2024
2024-01-27,330,399,Jan-2024
2024-01-28,283,333,Jan-2024
2024-01-29,411,497,Jan-2024
2024-01-30,744,516,Jan-2024
2024-01-31,585,634,Jan-2024
2024-02-01,461,514,Feb-2024
2024-02-02,268,293,Feb-2024
2024-02-03,172,191,Feb-2024
2024-02-04,180,200,Feb-2024
2024-02-05,303,331,Feb-2024
2024-02-06,484,403,Feb-2024
2024-02-07,379,406,Feb-2024
2024-02-08,347,509,Feb-2024
2024-02-09,383,367,Feb-2024
2024-02-10,267,342,Feb-2024
2024-02-11,220,236,Feb-2024
2024-02-12,450,559,Feb-2024
2024-02-13,436,516,Feb-2024
2024-02-14,454,871,Feb-2024
2024-02-15,652,677,Feb-2024
2024-02-16,585,703,Feb-2024
2024-02-17,350,392,Feb-2024
2024-02-18,384,390,Feb-2024
2024-02-19,357,524,Feb-2024
2024-02-20,455,449,Feb-2024
2024-02-21,473,610,Feb-2024
2024-02-22,432,537,Feb-2024
2024-02-23,432,553,Feb-2024
2024-02-24,361,417,Feb-2024
2024-02-25,307,365,Feb-2024
2024-02-26,469,499,Feb-2024
2024-02-27,491,762,Feb-2024
2024-02-28,538,540,Feb-2024
2024-02-29,1220,886,Feb-2024
2024-03-01,893,703,Mar-2024
2024-03-02,317,331,Mar-2024
2024-03-03,337,308,Mar-2024
2024-03-04,339,359,Mar-2024
2024-03-05,499,658,Mar-2024
2024-03-06,506,602,Mar-2024
2024-03-07,472,590,Mar-2024
2024-03-08,426,485,Mar-2024
2024-03-09,360,427,Mar-2024
2024-03-10,285,338,Mar-2024
2024-03-11,438,578,Mar-2024
2024-03-12,509,560,Mar-2024
2024-03-13,466,599,Mar-2024
2024-03-14,458,561,Mar-2024
2024-03-15,417,523,Mar-2024
2024-03-16,317,384,Mar-2024
2024-03-17,381,419,Mar-2024
2024-03-18,476,679,Mar-2024
2024-03-19,491,531,Mar-2024
2024-03-20,476,579,Mar-2024
2024-03-21,501,860,Mar-2024
2024-03-22,492,561,Mar-2024
2024-03-23,367,432,Mar-2024
2024-03-24,380,836,Mar-2024
2024-03-25,457,729,Mar-2024
2024-03-26,544,676,Mar-2024
2024-03-27,590,884,Mar-2024
2024-03-28,603,657,Mar-2024
2024-03-29,485,524,Mar-2024
2024-03-30,416,436,Mar-2024
2024-03-31,274,277,Mar-2024
2024-04-01,701,731,Apr-2024
2024-04-02,492,470,Apr-2024
2024-04-03,280,288,Apr-2024
2024-04-04,280,304,Apr-2024
2024-04-05,312,370,Apr-2024
2024-04-06,664,400,Apr-2024
2024-04-07,210,221,Apr-2024
2024-04-08,316,344,Apr-2024
2024-04-09,326,371,Apr-2024
2024-04-10,328,405,Apr-2024
2024-04-11,703,646,Apr-2024
2024-04-12,375,476,Apr-2024
2024-04-13,438,489,Apr-2024
2024-04-14,294,331,Apr-2024
2024-04-15,393,445,Apr-2024
2024-04-16,663,997,Apr-2024
2024-04-17,833,856,Apr-2024
2024-04-18,1293,3245,Apr-2024
2024-04-19,861,1042,Apr-2024
2024-04-20,541,662,Apr-2024
2024-04-21,542,606,Apr-2024
2024-04-22,882,814,Apr-2024
2024-04-23,722,1068,Apr-2024
2024-04-24,725,961,Apr-2024
2024-04-25,1050,1880,Apr-2024
2024-04-26,691,926,Apr-2024
2024-04-27,415,653,Apr-2024
2024-04-28,424,412,Apr-2024
2024-04-29,552,688,Apr-2024
2024-04-30,652,831,Apr-2024
2024-05-01,436,851,May-2024
2024-05-02,445,551,May-2024
2024-05-03,499,683,May-2024
2024-05-04,878,544,May-2024
2024-05-05,491,522,May-2024
2024-05-06,440,507,May-2024
2024-05-07,473,558,May-2024
2024-05-08,489,602,May-2024
2024-05-09,452,556,May-2024
2024-05-10,493,1008,May-2024
2024-05-11,357,451,May-2024
2024-05-12,270,333,May-2024
2024-05-13,523,687,May-2024
2024-05-14,562,710,May-2024
2024-05-15,528,643,May-2024
2024-05-16,499,638,May-2024
2024-05-17,491,1122,May-2024
2024-05-18,399,521,May-2024
2024-05-19,292,365,May-2024
2024-05-20,415,493,May-2024
2024-05-21,558,694,May-2024
2024-05-22,501,638,May-2024
2024-05-23,501,552,May-2024
2024-05-24,590,1582,May-2024
2024-05-25,533,674,May-2024
2024-05-26,278,353,May-2024
2024-05-27,409,474,May-2024
2024-05-28,523,589,May-2024
2024-05-29,464,649,May-2024
2024-05-30,475,563,May-2024
2024-05-31,444,491,May-2024
2024-06-01,339,392,Jun-2024
2024-06-02,295,336,Jun-2024
2024-06-03,383,497,Jun-2024
2024-06-04,439,615,Jun-2024
2024-06-05,512,610,Jun-2024
2024-06-06,485,846,Jun-2024
2024-06-07,459,583,Jun-2024
2024-06-08,404,596,Jun-2024
2024-06-09,331,517,Jun-2024
2024-06-10,372,424,Jun-2024
2024-06-11,432,510,Jun-2024
2024-06-12,373,461,Jun-2024
2024-06-13,448,839,Jun-2024
2024-06-14,383,474,Jun-2024
2024-06-15,354,745,Jun-2024
2024-06-16,271,437,Jun-2024
2024-06-17,492,619,Jun-2024
2024-06-18,367,494,Jun-2024
2024-06-19,499,667,Jun-2024
2024-06-20,390,495,Jun-2024
2024-06-21,398,455,Jun-2024
2024-06-22,307,401,Jun-2024
2024-06-23,321,346,Jun-2024
2024-06-24,355,627,Jun-2024
2024-06-25,390,485,Jun-2024
2024-06-26,955,698,Jun-2024
2024-06-27,482,650,Jun-2024
2024-06-28,488,1260,Jun-2024
2024-06-29,342,421,Jun-2024
2024-06-30,306,366,Jun-2024
2024-07-01,470,588,Jul-2024
2024-07-02,491,612,Jul-2024
2024-07-03,496,599,Jul-2024
2024-07-04,470,584,Jul-2024
2024-07-05,450,463,Jul-2024
2024-07-06,325,397,Jul-2024
2024-07-07,295,347,Jul-2024
2024-07-08,390,412,Jul-2024
2024-07-09,425,474,Jul-2024
2024-07-10,464,551,Jul-2024
2024-07-11,468,636,Jul-2024
2024-07-12,484,583,Jul-2024
2024-07-13,366,426,Jul-2024
2024-07-14,291,358,Jul-2024
2024-07-15,451,606,Jul-2024
2024-07-16,445,545,Jul-2024
2024-07-17,519,668,Jul-2024
2024-07-18,406,496,Jul-2024
2024-07-19,438,618,Jul-2024
2024-07-20,364,461,Jul-2024
2024-07-21,328,402,Jul-2024
2024-07-22,414,558,Jul-2024
2024-07-23,453,612,Jul-2024
2024-07-24,631,1650,Jul-2024
2024-07-25,608,680,Jul-2024
2024-07-26,526,667,Jul-2024
2024-07-27,418,650,Jul-2024
2024-07-28,355,514,Jul-2024
2024-07-29,449,532,Jul-2024
2024-07-30,493,588,Jul-2024
2024-07-31,528,603,Jul-2024
2024-08-01,467,943,Aug-2024
2024-08-02,345,392,Aug-2024
2024-08-03,258,283,Aug-2024
2024-08-04,245,270,Aug-2024
2024-08-05,372,420,Aug-2024
2024-08-06,407,515,Aug-2024
2024-08-07,432,498,Aug-2024
2024-08-08,590,579,Aug-2024
2024-08-09,413,459,Aug-2024
2024-08-10,456,431,Aug-2024
2024-08-11,302,341,Aug-2024
2024-08-12,379,435,Aug-2024
2024-08-13,408,610,Aug-2024
2024-08-14,597,638,Aug-2024
2024-08-15,434,566,Aug-2024
2024-08-16,427,543,Aug-2024
2024-08-17,319,436,Aug-2024
2024-08-18,274,331,Aug-2024
2024-08-19,395,440,Aug-2024
2024-08-20,415,513,Aug-2024
2024-08-21,494,545,Aug-2024
2024-08-22,450,533,Aug-2024
2024-08-23,480,619,Aug-2024
2024-08-24,382,587,Aug-2024
2024-08-25,307,352,Aug-2024
2024-08-26,409,629,Aug-2024
2024-08-27,442,527,Aug-2024
2024-08-28,492,572,Aug-2024
2024-08-29,484,571,Aug-2024
2024-08-30,477,566,Aug-2024
2024-08-31,381,456,Aug-2024
2024-09-01,351,443,Sep-2024
2024-09-02,431,498,Sep-2024
2024-09-03,791,557,Sep-2024
2024-09-04,540,772,Sep-2024
2024-09-05,575,654,Sep-2024
2024-09-06,439,594,Sep-2024
2024-09-07,348,404,Sep-2024
2024-09-08,381,386,Sep-2024
2024-09-09,429,497,Sep-2024
2024-09-10,534,601,Sep-2024
2024-09-11,539,839,Sep-2024
2024-09-12,537,631,Sep-2024
2024-09-13,550,622,Sep-2024
2024-09-14,356,450,Sep-2024
2024-09-15,346,401,Sep-2024
2024-09-16,390,480,Sep-2024
2024-09-17,495,916,Sep-2024
2024-09-18,439,587,Sep-2024
2024-09-19,459,633,Sep-2024
2024-09-20,470,626,Sep-2024
2024-09-21,379,490,Sep-2024
2024-09-22,365,436,Sep-2024
2024-09-23,398,541,Sep-2024
2024-09-24,475,647,Sep-2024
2024-09-25,478,943,Sep-2024
2024-09-26,490,719,Sep-2024
2024-09-27,436,621,Sep-2024
2024-09-28,408,519,Sep-2024
2024-09-29,310,399,Sep-2024
2024-09-30,488,761,Sep-2024
2024-10-01,522,675,Oct-2024
2024-10-02,480,747,Oct-2024
2024-10-03,563,742,Oct-2024
2024-10-04,500,965,Oct-2024
2024-10-05,358,488,Oct-2024
2024-10-06,851,737,Oct-2024
2024-10-07,664,905,Oct-2024
2024-10-08,714,829,Oct-2024
2024-10-09,988,1557,Oct-2024
2024-10-10,550,800,Oct-2024
2024-10-11,527,734,Oct-2024
2024-10-12,385,457,Oct-2024
2024-10-13,365,442,Oct-2024
2024-10-14,451,622,Oct-2024
2024-10-15,547,735,Oct-2024
2024-10-16,549,710,Oct-2024
2024-10-17,593,773,Oct-2024
2024-10-18,503,601,Oct-2024
2024-10-19,691,553,Oct-2024
2024-10-20,428,446,Oct-2024
2024-10-21,497,589,Oct-2024
2024-10-22,525,708,Oct-2024
2024-10-23,520,590,Oct-2024
2024-10-24,477,590,Oct-2024
2024-10-25,485,553,Oct-2024
2024-10-26,301,315,Oct-2024
2024-10-27,233,262,Oct-2024
2024-10-28,405,445,Oct-2024
2024-10-29,428,453,Oct-2024
2024-10-30,610,582,Oct-2024
2024-10-31,463,527,Oct-2024
2024-11-01,470,524,Nov-2024
2024-11-02,326,315,Nov-2024
2024-11-03,278,277,Nov-2024
2024-11-04,409,440,Nov-2024
2024-11-05,457,473,Nov-2024
2024-11-06,652,570,Nov-2024
2024-11-07,454,509,Nov-2024
2024-11-08,472,601,Nov-2024
2024-11-09,323,361,Nov-2024
2024-11-10,268,285,Nov-2024
2024-11-11,428,448,Nov-2024
2024-11-12,917,810,Nov-2024
2024-11-13,520,531,Nov-2024
2024-11-14,453,553,Nov-2024
2024-11-15,358,418,Nov-2024
2024-11-16,365,419,Nov-2024
2024-11-17,273,310,Nov-2024
2024-11-18,459,522,Nov-2024
2024-11-19,508,545,Nov-2024
2024-11-20,381,430,Nov-2024
2024-11-21,440,488,Nov-2024
2024-11-22,488,525,Nov-2024
2024-11-23,359,393,Nov-2024
2024-11-24,293,325,Nov-2024
2024-11-25,416,433,Nov-2024
2024-11-26,440,494,Nov-2024
2024-11-27,504,568,Nov-2024
2024-11-28,579,634,Nov-2024
2024-11-29,428,453,Nov-2024
2024-11-30,302,336,Nov-2024
2024-12-01,251,281,Dec-2024
2024-12-02,393,432,Dec-2024
2024-12-03,501,525,Dec-2024
2024-12-04,500,514,Dec-2024
2024-12-05,419,476,Dec-2024
2024-12-06,392,462,Dec-2024
2024-12-07,327,389,Dec-2024
2024-12-08,246,267,Dec-2024
2024-12-09,417,648,Dec-2024
2024-12-10,500,656,Dec-2024
2024-12-11,567,544,Dec-2024
2024-12-12,425,570,Dec-2024
2024-12-13,427,476,Dec-2024
2024-12-14,320,361,Dec-2024
2024-12-15,249,297,Dec-2024
2024-12-16,378,608,Dec-2024
2024-12-17,411,476,Dec-2024
2024-12-18,415,477,Dec-2024
2024-12-19,430,491,Dec-2024
2024-12-20,414,959,Dec-2024
2024-12-21,274,314,Dec-2024
2024-12-22,260,306,Dec-2024
2024-12-23,328,454,Dec-2024
2024-12-24,288,352,Dec-2024
2024-12-25,217,261,Dec-2024
2024-12-26,307,354,Dec-2024
2024-12-27,329,388,Dec-2024
2024-12-28,218,276,Dec-2024
2024-12-29,183,224,Dec-2024
2024-12-30,265,331,Dec-2024
2024-12-31,268,322,Dec-2024
2025-01-01,194,235,Jan-2025
2025-01-02,198,239,Jan-2025
2025-01-03,193,329,Jan-2025
2025-01-04,165,201,Jan-2025
2025-01-05,201,262,Jan-2025
2025-01-06,326,521,Jan-2025
2025-01-07,342,382,Jan-2025
2025-01-08,310,371,Jan-2025
2025-01-09,355,486,Jan-2025
2025-01-10,321,377,Jan-2025
2025-01-11,253,295,Jan-2025
2025-01-12,207,232,Jan-2025
2025-01-13,324,327,Jan-2025
2025-01-14,352,431,Jan-2025
2025-01-15,358,434,Jan-2025
2025-01-16,407,467,Jan-2025
2025-01-17,362,376,Jan-2025
2025-01-18,374,298,Jan-2025
2025-01-19,225,262,Jan-2025
2025-01-20,399,357,Jan-2025
2025-01-21,465,417,Jan-2025
2025-01-22,456,461,Jan-2025
2025-01-23,452,455,Jan-2025
2025-01-24,432,540,Jan-2025
2025-01-25,311,319,Jan-2025
2025-01-26,297,287,Jan-2025
2025-01-27,375,396,Jan-2025
2025-01-28,401,429,Jan-2025
2025-01-29,1749,908,Jan-2025
2025-01-30,507,508,Jan-2025
2025-01-31,469,473,Jan-2025
2025-02-01,334,339,Feb-2025
2025-02-02,238,211,Feb-2025
2025-02-03,260,294,Feb-2025
2025-02-04,263,269,Feb-2025
2025-02-05,360,394,Feb-2025
2025-02-06,349,372,Feb-2025
2025-02-07,544,2131,Feb-2025
2025-02-08,301,327,Feb-2025
2025-02-09,305,282,Feb-2025
2025-02-10,394,1229,Feb-2025
2025-02-11,377,431,Feb-2025
2025-02-12,395,423,Feb-2025
2025-02-13,440,447,Feb-2025
2025-02-14,405,648,Feb-2025
2025-02-15,289,308,Feb-2025
2025-02-16,418,555,Feb-2025
2025-02-17,350,377,Feb-2025
2025-02-18,405,432,Feb-2025
